filedFor,year_quarter,Basic Materials_w,Communication Services_w,Consumer Cyclical_w,Consumer Defensive_w,Energy_w,Financial Services_w,Healthcare_w,Industrials_w,Real Estate_w,Technology_w,Utilities_w,Basic Materials_lr,Communication Services_lr,Consumer Cyclical_lr,Consumer Defensive_lr,Energy_lr,Financial Services_lr,Healthcare_lr,Industrials_lr,Real Estate_lr,Technology_lr,Utilities_lr,portfolio_value,portfolio_value_ln
2002-06-30,2002Q2,0.1568391327928168,1.7630540863335054,3.510625053974091,51.947256965403895,0.0,40.99965601693802,0.0,1.622568744557665,0.0,0.0,0.0,-2.543536422243624,-30.271210137657746,-14.223842350044286,-2.5982123735430296,-5.637618549820725,-9.413607952514377,-21.062776271861708,-17.13105705145999,-3.4886005969868976,-30.98957347848334,-24.330796438754735,29632273000,24.112129908380698
2002-09-30,2002Q3,0.0941162331859992,1.7135814973277326,4.907488267597066,49.72377066552665,0.0,40.465701601224815,0.0,2.4918286295427596,0.6035131055949747,0.0,0.0,-26.341075541079835,-27.340336522191095,-16.214002293324008,-12.487122613580503,-20.75198693484931,-17.62119479215121,-2.102654207138731,-17.94914505470841,-12.085693824604725,-25.095660520158187,-21.476286880873108,27625415000,24.042002019295925
2002-12-31,2002Q4,0.1972143672596502,1.7496406246156924,5.215353241721261,47.05525467223906,0.0,41.61085628736817,0.0,3.223471974644534,0.9482088321516332,0.0,0.0,11.401031843457963,31.064424871245112,1.7832452496197706,0.5341168420831839,5.9103691310922235,6.5771955517188605,4.476844435127581,4.837204979810568,-1.0732684958335807,20.077669858382478,3.4762621549586243,27850405000,24.050113345404274
2003-03-31,2003Q1,0.1021614089811364,1.9169734531462992,5.591021130485509,46.85388198241494,0.0566497102907973,42.14680639808493,0.0,3.315368189113463,0.0,0.0171377274829302,0.0,-8.174223904882899,-16.342532711942987,-1.6051552287714554,-7.28155798461673,-0.010924132907815541,-5.838947683493872,0.8486812506678428,-5.6419177915179395,-0.2792490763193198,-0.5465227202130557,-4.3485150093648635,26467920000,23.9991992705739
2003-06-30,2003Q2,0.4134687287741559,1.9258703801314316,5.2617260401065336,46.131506223390694,0.0666304019438319,43.76196883162241,0.0,2.4388293940309445,0.0,0.0,0.0,12.22348909741633,18.60837402669125,17.273956147469626,8.18161325672469,6.198902445073458,16.3840890472364,9.147319636696325,14.223936953465607,7.357807418889492,16.60382781912784,18.347828408510544,29869248000,24.120095293095883
2003-09-30,2003Q3,0.3610530066152669,1.7707578253229033,4.9021628834287245,41.8040033129497,0.0712375689475598,46.19043648363627,2.12591464237806,1.8933405728660448,0.5804814731735941,0.2191964853297326,0.0814157453521433,5.519528845465485,-10.641924929640322,2.0146593375654196,0.7190656490888426,0.4251224522720063,3.5345246419323835,-5.166062989826113,3.990807788231389,7.46322809242547,10.213707414062531,-1.5142933676744423,31036994000,24.158445684788358
2003-12-31,2003Q4,0.3088868352835175,1.863071861150657,4.907892185545932,43.91348679277555,0.1078214517368657,44.68879403989078,1.9067786098598236,1.5733683882106837,0.5690796491541124,0.1608201863920758,0.0,20.26551285935036,11.607766888570982,13.129363734599538,7.206562825369295,13.59435364404721,10.54717406019621,7.66807997671842,13.459597545290098,4.348955173031222,11.948905654943994,6.661853667833084,34868757000,24.274857050310917
2004-03-31,2004Q1,0.3175367959745434,1.854424943753378,4.672272475256374,43.40313919694767,0.0940585970395632,45.86396347705375,1.7559141001308582,1.4130966994998904,0.6255937143439709,0.0,0.0,-2.306540705527783,4.075010346567684,1.0201120834766153,5.013156936979416,4.497147861812702,4.191870158210297,-0.8905307474906436,-1.4438652791796938,7.248643053420929,-2.6346694504939676,4.071723581539436,35802150000,24.301273784415706
2004-06-30,2004Q2,0.3172669519172453,1.838990534133504,4.938053120932822,44.39460345767947,0.0847128027474146,44.59766874453799,1.6819951740550878,1.47426819810696,0.6724410158895019,0.0,0.0,1.949064276232718,-1.7838153532148282,-0.5027520337525291,-0.017027086356014097,6.749324707807138,-2.995847685373301,2.310363762208341,7.66871484197199,-5.77406878833343,2.7183104706285333,-2.296873531762441,36016988000,24.307256552986864
2004-09-30,2004Q3,0.3499913916206517,2.3491202454875273,5.3333790950388416,40.83310090659866,0.1046415040494236,47.34235892396233,1.5212212869788524,1.4727461722543649,0.6934404740093548,0.0,0.0,2.9367282581961742,5.366973759531382,-1.3774980502822598,-6.238714932989708,9.910144895877425,-0.2370203440042306,-5.912083747917087,-0.4903218698387222,4.467966735467421,-10.538456149360059,5.567750697012137,33856547000,24.245398229715242
2004-12-31,2004Q4,0.7319900470271201,2.8312806216978235,4.567835458827766,40.806168095933245,0.0989447072411742,49.10761840688115,0.0,1.42984078632714,0.4263218760645812,0.0,0.0,7.650899993501614,7.159672368491675,12.320731421626165,7.10324061010332,4.130857940271353,6.945168644574797,4.726491794130943,9.063141366676957,13.820218469992449,12.567705316172342,10.559596262753793,35759366000,24.30007805778807
2005-03-31,2005Q1,0.611611041483312,2.994765921579853,4.509841166139142,43.28575419013436,0.1182190740014741,46.557674631779165,0.0,1.5129555755976671,0.4091783992850217,0.0,0.0,1.2911131559646218,-9.00721981016799,-6.083077896980082,0.07170649496865918,15.763399071597842,-7.211513301074207,-1.0267138470910688,-2.0620738502167337,-5.773038271442833,-7.76458324069045,4.339494272363651,35241352000,24.28548600277221
2005-06-30,2005Q2,0.7823394120562851,2.83672164414695,2.563017545841054,43.00906740582566,0.1370800249816196,48.25927994018594,0.0,1.7896527350401763,0.4392428699001984,0.1835984220221138,0.0,-10.468401997017587,2.6018893495061155,-1.168971666866491,-1.2388780056725996,1.5154930651354857,3.577456175601717,3.673411973555746,-3.8707513513998633,10.227524732438138,1.6232024934829101,8.027155855123743,35310761000,24.287453598622747
2005-09-30,2005Q3,1.3237895303860494,2.092220487121829,2.72482283779364,47.90815885616618,0.162824215521044,42.6409298842019,0.0,2.4225010553448816,0.5438241667991405,0.1809289666653271,0.0,1.243062609434075,-1.9766250822129299,-1.1555036982456452,2.624909249274689,16.338131267964528,0.0781746242882927,1.0751113473959621,1.91636485944819,2.505182874019392,5.6089386085324975,6.165188662378961,33742524000,24.24202471861663
2005-12-31,2005Q4,0.9902777924919646,1.158430477436245,3.0465749795217585,42.773027673682066,0.1265961754510674,49.42517479750752,0.0,1.7739309007829311,0.3907624449909475,0.3152247581354895,0.0,10.07869025979663,-1.0925375725494404,0.769238803210688,-0.12483484150238049,-8.046151558973675,7.219750024584702,3.1310502515579564,4.37152862821813,0.1382125047436797,0.9140555988147749,-4.512668870478764,42664796000,24.476639967486754
2006-03-31,2006Q1,1.3489466484650805,1.0856830700071052,2.5472459144338955,40.60872495999754,2.626807191631373,48.71836300066018,0.0,2.5040592532967065,0.3101370923525364,0.2500328691555843,0.0,6.586702830616718,12.555878761249497,2.6541880526813824,0.9737200518795137,8.248938020661157,2.558458291967448,-1.2547061857214332,6.310724187724384,13.031321626178777,3.927186861440873,-4.0781134471244345,45757184000,24.546614643662846
2006-06-30,2006Q2,1.049124532251619,1.2327503727634883,1.7880165366167136,41.5250038525109,2.758971005680957,48.63523957616117,0.0526504290146842,2.542566455453388,0.4156772395470806,0.0,0.0,-1.0411296638643168,-1.4297300116540532,-0.7300241123841681,2.2828281605206033,3.774400547904613,-0.7618401791886176,-5.538256094759412,-0.4630588603777571,-1.410863683982086,-10.288979119331563,4.6229400963795,45184817000,24.53402696027553
2006-09-30,2006Q3,1.582063113889836,1.2181270764307768,2.2164490461857955,39.1146842357167,2.293297261264619,47.493223951277415,3.2593603395506596,2.3012033982211837,0.5215915774630149,0.0,0.0,-1.133860262263097,9.19452130618002,4.610920663576377,4.964961345520302,-2.157033868202036,7.04766922097215,9.313290607114123,-0.5892031939859723,9.295375855527153,9.665056836270027,6.648256830821156,49657627000,24.628417830947118
2006-12-31,2006Q4,1.7724990843425648,1.0296779106292575,1.777303775539984,38.56591486890506,2.6210196752104533,48.18977954273132,3.2085352686690105,2.362835728744717,0.4724341452276268,0.0,0.0,10.200040880620213,7.534323702140536,9.364781437416008,2.895358199044669,10.194420012256924,6.136309237021987,0.9875159196015176,5.19737774491938,10.390293998859823,6.199997072187041,6.485619686963324,52781748000,24.68943128607871
2007-03-31,2007Q1,1.3858720867870722,0.8689937775311934,1.5600551642929597,35.21316063212726,2.2663363978462385,48.18758788105091,5.394759211311435,4.712097260107599,0.4111375889453272,0.0,0.0,8.048310410593068,6.167435301182259,-0.9919698896630167,1.5783243763131096,1.7064286936587587,-3.5008420638058784,0.6180387958365838,0.5810211481622831,2.0051217438622335,-1.1973920011937917,9.696844599412719,57503864000,24.775117982491896
2007-06-30,2007Q2,1.370749894760784,1.1211654200022572,1.48578567789519,34.97999926879804,2.465917204852974,49.484500163947395,6.545428164671462,2.1593723268088976,0.3870818782629949,0.0,0.0,6.351012414947628,6.560979911538786,3.370037026685472,2.0903685434165213,13.380386798483244,1.481849858312929,4.464852697084722,8.839196356842612,-10.612463731599348,9.245843214887037,-0.8686365349242987,61077517000,24.83540966486609
2007-09-30,2007Q3,0.9741704812094696,1.241476572449132,1.617247212720489,35.40254858562462,2.3352625898679835,48.23924347253533,7.359672811983096,2.41129992230324,0.4190783513066387,0.0,0.0,5.888727151359758,1.9445321071121697,-5.418000611399036,3.891811529959583,10.320601328011776,-2.9965999721175343,1.7858687076536781,6.677511625848869,4.044525893196629,4.77654907229192,1.3001416050835632,65805833000,24.909974318765148
2007-12-31,2007Q4,0.8885132368788761,0.5117137316079975,1.71094354351929,42.05232868239545,2.2481603653156985,42.589212501132614,7.418634883187253,2.329420382582125,0.2510726733806966,0.0,0.0,-2.0682090921867355,-6.5611455277483905,-12.419715567263582,3.4160587410481265,2.6447751338870096,-18.356203611534227,-1.617310222657219,-6.719831974986648,-18.372006339814263,-0.4726222642240165,4.451908821566521,68768137000,24.954006349610204
2008-03-31,2008Q1,0.9458116510162377,0.4932093937962984,1.8217494760553912,42.28170399028462,2.007693990107675,42.91311727873083,6.976212174485381,2.4263471283646534,0.1341549171589136,0.0,0.0,-3.6128214625397463,-15.715651432830871,-6.449481860319545,-2.820230830425648,-7.825192386153648,-15.864963797089732,-12.712911904583727,-4.573147961849322,1.9012147187583452,-16.68641960070599,-11.289015360209161,66461224000,24.919884516796255
2008-06-30,2008Q2,0.8722299001221823,0.5180405461768608,1.729334755831608,41.69126574125953,0.0,44.632964206687795,7.890058723321851,2.271400175501658,0.1546921951522591,0.0,0.2400137559462641,3.8050626717466556,-5.232227455994384,-8.46528826712222,-6.106038367622521,15.631299270584714,-21.088188131812874,-1.7474896614965554,-11.197666069152637,-6.470923525395398,2.267702530092079,6.856460517362914,57877516000,24.781594821410046
2008-09-30,2008Q3,0.6253380407197443,0.4220053092379799,1.458262647729008,37.02499184467038,8.799216836532226,42.41639908977379,6.950544298409788,2.0083995280632836,0.1177781406661185,0.0,0.1770642641976816,-26.037650322388583,-17.118643110449362,-1.043131299442148,4.052259963458294,-28.69665695821248,-0.0997062759394435,-0.005646780617792128,-9.562414723045414,0.853188767078289,-13.782612879576487,-20.749801230747742,69889879000,24.970186683141918
2008-12-31,2008Q4,0.2646232951669272,0.4268000124387986,1.4530972945979277,40.07915872541334,7.978851189034055,41.81297340863626,4.3619080415348686,2.175517348085147,0.1607770632408997,0.0,1.2862936218517689,-37.73337299241638,-2.9028470728904745,-26.697144991834104,-14.553033044817093,-23.633428216704324,-47.22819853810514,-13.60974608078887,-28.322005077007002,-56.029340984113205,-29.216922219830817,-12.722484001049775,51869961000,24.672005673429737
2009-03-31,2009Q1,0.317874005489192,0.3964280493183162,1.7453917762435551,44.79205602474602,6.824586246191544,37.090742937115294,5.239664335972313,2.3507369793785236,0.1829208691444898,0.0,1.0595987764007564,-2.860489598489602,-8.849370901918457,-9.005863488516908,-11.998991582535277,-12.873973378465282,-34.9447757780028,-8.907900947172601,-24.551933777585123,-45.27365894392095,3.8837401566314336,-12.62091846383493,40871225000,24.433692107158805
2009-06-30,2009Q2,0.3511735769219699,0.3707650412696412,1.4693189722241409,40.524334259428855,5.540335793736095,43.47993472289946,5.339347101939122,2.3449456932819905,0.1980410864321847,0.0,0.3818037518665358,14.439128462448203,1.879720551140671,16.256729086186024,8.500569042979812,9.582391220341155,30.070499426667517,7.946638916414223,16.55770996723048,27.202974694792005,17.691948727866276,8.459258639878914,48954993000,24.614167202763976
2009-09-30,2009Q3,0.518692277909911,0.4175163354908727,1.5775690507547555,40.77754784326142,4.74146815309879,44.14733753909712,4.918555674206144,2.443205096674214,0.1589889981883969,0.0,0.2991190313183851,19.061609757308876,3.869264684833345,17.266765474003492,9.984955449553635,9.064492059597058,22.428745788886314,8.536755130641005,19.260191065148597,27.546887435968276,15.439398327394244,4.8353806565639355,56546051000,24.758321205063098
2009-12-31,2009Q4,0.4140616913666763,0.3880973870115159,1.6065415477549516,41.05834481797643,3.3742392394953233,47.32589933576539,3.7928184885042744,1.5204352073826524,0.275023799605355,0.0,0.2445384851374252,6.668619475710382,5.698395610115338,8.238522860060986,4.134613935645874,4.919614205643729,-3.7476504642464668,8.182956433461964,4.662783611873958,9.412166320979127,9.9351130533463,5.905542693497848,57929532000,24.78249314330662
2010-03-31,2010Q1,0.5751683903682133,0.4798105801620611,1.9681482924875535,44.37699809411995,3.489196659040856,42.79941238228135,3.728460929458878,1.9172868670973835,0.4193191350259328,0.0,0.2461986699578232,2.3787673794560216,-5.827761168786452,9.574706978288392,4.918943068500452,0.08369222525473496,10.275107220693451,2.8468357522938867,11.736681421970792,9.000648889505369,1.6533343816991353,-4.724068927191874,50934475000,24.653805839680977
2010-06-30,2010Q2,0.4440749418453295,0.4749787955894826,1.8949691015294523,44.445002143588795,3.1288515424257244,40.653916243062945,5.9035447486811705,1.9611328915236408,0.3869010897958068,0.4326022737329517,0.2740262282247015,-17.098921213378844,-5.815426426212995,-11.881277004919728,-9.262745515891648,-14.196281109372313,-14.56652497792133,-13.112697692244682,-13.68987359186929,-4.7088610405728355,-13.307291800284071,-4.93742390646222,46440810000,24.56144443548446
2010-09-30,2010Q3,0.4636869406650926,0.0503712994047015,0.8995030801919858,46.93987766787762,3.4961104119444433,40.73856984675013,6.1278100372319715,0.8506596813742473,0.0,0.433411034559814,0.0,15.914143009591259,17.48785319940833,13.734953584033827,9.311317387888097,11.597201518831392,3.9813047752037867,7.899730295050563,12.796602946132316,12.634722169121837,10.882190263375803,10.531166591604787,48563369000,24.60613535938007
2010-12-31,2010Q4,0.5466570170660299,0.0499615879862662,0.0,46.7751726067272,3.830276794617482,42.86888798880236,5.377708558760583,0.5513354460400676,0.0,0.0,0.0,16.970580959459156,5.755147505320124,11.463701152734032,5.1747620121382285,18.95027077363197,10.59453491322064,3.070397983199514,10.605441958223262,7.784050001035406,9.50729168975382,-0.01882512640943772,52560379000,24.685228421903467
2011-03-31,2011Q1,0.5306230365130542,0.0494461874030651,0.0,45.52452864093542,4.401992354497075,43.83357872975163,5.08686607847892,0.5729649724208405,0.0,0.0,0.0,3.988503376207587,3.443215375281896,4.259340150986849,1.7210618936554702,15.09345715105529,2.7281945062293014,4.874056039120356,7.87748185185656,8.4638028104498,3.182057668080124,1.6062113821478166,53601706000,24.704846732874866
2011-06-30,2011Q2,0.4675835032819466,0.0475958617804714,0.0,47.83144410676806,4.244813631546491,40.865940620953715,5.850977242168566,0.6916450335007446,0.0,0.0,0.0,-1.3850725094484209,0.8146809532756858,3.0307835171092448,4.374340668376587,-5.198028477556071,-6.475909998002055,7.038787668489787,-1.2167035821558427,2.1335966367365793,-1.6221663433271412,4.887251009934524,52357493000,24.68136089678071
2011-09-30,2011Q3,0.1943178731650359,0.3318334199817142,0.0,41.42284533889777,3.1682289871475136,31.95803129015662,4.686109052483888,0.9408931762455128,0.0,17.29774086192194,0.0,-28.712646680005093,-9.627084648281736,-14.300894591321656,-5.0696500707400824,-23.387643574889065,-26.287191566910355,-11.107386275909406,-24.22302588613744,-16.868967835537273,-8.297750003323284,0.43427620278953954,59127860000,24.80296805468164
2011-12-31,2011Q4,0.2622053496615281,1.551223555679775,0.0,39.14743874549828,3.205644937890908,32.68725510697121,3.951129698521065,1.0099349543949718,0.0,18.185167651382272,0.0,13.729699938119444,6.204590592768916,12.977245388417982,8.983855192808948,16.228965093297596,9.688073495574532,9.061931195650747,14.647573746591839,13.215074902539516,8.05896742539207,4.639757034536551,66151587000,24.915214718149304
2012-03-31,2012Q1,0.3899615207120827,1.993976115617146,0.3406363192685283,35.5328541405905,2.937524111805738,35.777682013007926,3.982365264391553,0.9123728008871154,0.0,18.13262771371941,0.0,10.193955922534439,0.6908708426414254,13.044263339683013,4.754902245239699,3.353220521152547,19.42063599921842,7.942163648252832,10.26900274966383,8.281822681955438,19.451329934449983,-0.13985624677385222,75300250000,25.044749291799867
2012-06-30,2012Q2,0.4375927778092178,2.990014367601507,0.265334140315098,35.0574293680384,3.6317879557191226,36.64151858747729,2.80077676704128,0.6375150558960273,0.0,17.538030980102064,0.0,-5.416432415101323,11.832686990602056,-3.580204086080853,1.612483810652503,-7.328989437570689,-8.11201838807219,0.7154993553843372,-4.77108520819548,5.803640270002337,-7.907758033210738,5.431174776600441,74321382000,25.03166452654283
2012-09-30,2012Q3,0.4974800878196693,3.433891702022577,0.4530270190093323,32.660093807724024,3.9486711160978087,37.47072300443855,1.7726824455302548,1.168962377490044,0.0,18.594468439867743,0.0,5.066038040195445,6.314004204995166,7.104186005249439,4.082197745225854,10.186193241951159,7.290953823861608,6.403015663781046,3.8286737049317066,-0.6066814459217279,7.030337039637191,-0.7718000824104605,75326633000,25.045099601117094
2012-12-31,2012Q4,0.636293939927466,3.733979325386298,0.9569982162588916,30.472335548337735,4.253212101609244,38.62407622950536,2.37037205222641,1.4385034207624066,0.0,17.51422916598618,0.0,1.144913623792321,-7.979276626074587,0.7829049591821947,-3.9815813376121083,-4.886684377808727,3.9758162030065423,-1.8544953221454312,1.5300071750792976,1.6030387824355463,-6.8934999108512915,-6.114233880180689,75313620000,25.044926831890102
2013-03-31,2013Q1,1.0065417318577927,3.9940944933764815,0.8182223565782678,29.952469928004906,4.564658412930506,38.688161213074466,2.4480259982712744,0.9789162863118964,0.0,17.54890957959441,0.0,3.6727276315588755,9.574350830704946,11.117769150931446,13.671105454095237,10.107280389664588,10.625713804194596,15.13015819494147,9.33534826812936,7.459738158135262,3.8200055069249075,12.694914796905387,85001344000,25.165932905076428
2013-06-30,2013Q2,0.4460248190427928,4.224125271288404,1.510196508618797,28.471125892597776,4.1646897965980525,41.80317104689769,2.082054790728499,1.990960154434824,0.0,15.307651719793164,0.0,-0.6917903329961436,-0.9717348381840352,7.660042897429653,0.5806730783689497,-0.36374822896701375,7.529756073255027,3.5110629737812435,4.194004982220637,-4.425525502741239,3.1018502149573366,-5.856618416581145,88226928906,25.20317806975415
2013-09-30,2013Q3,0.5351456839946656,4.272260690243093,1.578051475604808,26.72703492276832,7.297933102440755,41.081047300162645,1.993601740498209,2.0673746598779745,0.0,14.447550424409531,0.0,8.485602788007382,-5.48002210848471,6.465229555107527,-0.6196679280547837,3.8938993740601613,1.8958659690696409,5.691159181316833,7.099142990500846,-3.1340654747554884,5.0395696856774626,0.7030566098091329,91175733000,25.236054613093348
2013-12-31,2013Q4,0.950532799906416,4.283301327289504,1.5693356197302812,25.35086501754401,7.436295106171631,42.890639415085154,2.2467869345917175,2.3772343581478275,0.0,12.895009421533462,0.0,9.575261719271149,4.081664319864287,9.865473868283242,7.596927260506581,7.4541270527090795,9.362518580298755,9.170151324247934,12.148629445077152,-0.7957529408820361,12.002725033279567,1.7596122185354752,104171471000,25.36930413799119
2014-03-31,2014Q1,1.0860653363234325,4.998200715858795,0.9823617639761986,24.62726810597094,5.935619857239604,44.383077858705555,2.494764114543572,2.3757971176938844,0.0,13.11684512968802,0.0,2.274709925962451,-0.7292503483703202,-3.2088297030355664,-0.15827024867370007,0.18857429827535532,2.1317779336355858,5.263059301800762,-0.3919595397652691,6.69273936666786,1.8412496740754254,8.637279726809055,105114026000,25.378311559778616
2014-06-30,2014Q2,1.1016396185541966,4.8224255998281675,1.121626289544559,24.483191983102525,5.0443985803051365,46.03435058145229,2.58268943738468,2.290601865129513,0.0,12.519076044698934,0.0,4.934064755964177,2.4694196323760575,3.0823617371404914,3.8639976145891244,10.836866836454261,1.826696159340767,3.9830689310302474,3.2568595229588,6.402428744823887,5.877252523960715,6.563869783554447,106671091000,25.39301602133688
2014-09-30,2014Q3,1.0029840005474977,5.666645472970113,1.1951622781355529,25.025388439796085,4.578563224052674,44.92169156343604,2.636376812880628,1.788073950175883,0.0,13.185114258005523,0.0,-0.27794944608481437,1.8035461864750908,-0.1001518047223611,1.2419070888942012,-9.596322246041296,1.8355736728989682,4.907941279070148,-1.6239044415525181,-1.944689180161856,4.250157741890745,-4.98598994977464,106897617451,25.39513736708638
2014-12-31,2014Q4,1.0063598261698707,6.160060703170128,1.623149382659634,25.464493497207652,0.751754936661195,46.979087409060085,2.7242355356528294,3.2242101523233,0.0,12.066648557095304,0.0,-2.359908326316574,-5.471909172139034,7.964989710159896,7.157977090570318,-11.950330670133937,6.5170740842153645,6.792731493915031,6.0065939306709195,12.074123397286122,4.739512665779809,11.529277343267632,108476707000,25.40980130485179
2015-03-31,2015Q1,0.9797612225649448,6.362580786240707,1.7515045112639835,24.76287653779277,0.6476663938600147,46.08696010516255,2.9801675017851985,3.595428089561207,0.0,12.833054851768628,0.0,0.40210288708601977,0.2487821299762315,4.290726699430784,0.3496821552725291,-3.615617751834487,-2.543164958130827,5.9747063505142,-1.4097710063433382,2.8076286155866903,0.16894210144531877,-6.210404982118281,106286509000,25.389404199846773
2015-06-30,2015Q2,1.6408430808837398,6.649929304602164,1.5877193400925578,23.357446839898127,0.0022490629569368,47.27353196181367,2.911069316207467,3.657497779878182,0.0,12.919713313667156,0.0,-0.9802943141833492,0.35248636736130773,1.5518142842357463,-2.435007821677251,-2.6235577598488296,1.2204008828931416,2.404461773125105,-2.8098227189126255,-10.367146152184791,-0.19062584701356264,-6.934739769761243,106376168467,25.390247408193254
2015-09-30,2015Q3,1.2862695186818915,5.012870138596929,1.427063084284952,37.32386783636046,3.737252369175739,36.51759306536793,2.2306365539463324,2.447372677938832,0.0,10.017074755646927,0.0,-19.039304094442468,-8.339859782795074,-2.9820569666430234,-0.8951147622777055,-19.973565017082183,-7.448225579707955,-11.70546640853199,-7.706310358652386,1.4587970126397232,-4.16926883710425,4.30384264177906,126420550000,25.56287988455854
2015-12-31,2015Q4,1.1984452501414085,4.765024162633832,1.5397424052791526,37.65159899614215,4.144302847001049,36.52879827704933,2.0792170794855744,2.70800470076183,0.0,9.384866281505664,0.0,8.67589983786911,5.992862013987215,5.2309157480470505,6.682237731590337,-0.6423850771373882,5.231960369163862,8.404919859134468,7.095490875577171,7.333182675416645,8.370044024420075,0.0818483392443262,130914950000,25.59781371266097
2016-03-31,2016Q1,1.2923033626650564,4.126001468852729,1.4886178179218172,38.17619681488448,5.4992252180836045,33.720940759594086,2.245937541770857,2.0682108607328535,0.0,11.382566155494516,0.0,2.941964890747202,14.065192877729265,1.1877242979954012,4.7354399985253,3.0677052611902695,-5.763944802442513,-6.109204669094533,4.246975339699719,3.5834296939916523,2.144606383252282,13.552369572145482,127578481000,25.571997549434442
2016-06-30,2016Q2,1.2955582506578665,4.07284473823228,1.369827057385176,39.30055879462355,5.233543246326696,32.82508752045611,2.343687741700366,1.9977013668578565,0.0,11.5611912837601,0.0,3.0783478759132863,5.682993164947612,-1.286005544529248,3.8667923029382636,10.26341310759537,1.529199263634556,5.654520088710816,0.7969964485729395,4.744639129925764,-3.3213205556430445,5.6973234884797,128923574000,25.58248561612806
2016-09-30,2016Q3,1.296329010852902,4.509851272888415,1.5272919666121842,37.14100765524511,5.412221875901391,32.87284634405501,2.0108118176172667,3.0725218752522827,0.0,12.157118181575427,0.0,3.1332476032563354,-6.831259325446116,2.4755196311910557,-3.320055680859346,1.5415532747857312,3.9514977776733837,0.5218700482966172,3.4990137641996375,-2.9102816494160297,11.722189417585769,-6.951533681347312,128637945000,25.580267667436036
2016-12-31,2016Q4,1.763455038345604,3.8797969887080015,1.4504531962291525,31.06043273687472,4.716596051018876,34.268632957341524,1.7003597679169358,6.878426909735076,0.0,14.281846353830108,0.0,4.016685748256609,3.473950953895786,1.8477188462168743,-2.735882452942652,6.356519162509492,18.632924050238998,-4.5239830486875094,6.368771611252979,-3.785712559608357,0.7740807344045452,-0.7585227554819203,147827245000,25.71931016541436
2017-03-31,2017Q1,1.794483128917162,3.9046886990978,1.3842846522469885,29.370806858676307,3.953227606013194,32.611440935640836,1.6463134865321325,6.19119861711797,0.0,19.14355601575761,0.0,5.172088995366454,-5.188655771127166,7.781022818501988,5.487944221890643,-7.582406727268869,2.061239251560691,7.58999340609819,3.9287182966482397,0.8651337004941482,11.477090098359879,5.261879490475723,161697090000,25.808990607078112
2017-06-30,2017Q2,1.747977987109494,4.210816185592088,1.6198954930871308,28.861331265997077,4.119775723316028,33.702920299757665,1.5688021625601467,6.452473468518185,0.2581290949754001,17.457878319086788,0.0,2.6091706413161333,-8.490997674167025,1.954386952528324,0.8931389817306866,-7.282030161010139,3.7334776387480515,6.4389476164733175,4.0774066547168255,3.094724288328796,3.6906642896421844,1.3434762153014734,161956559000,25.81059398189801
2017-09-30,2017Q3,1.6965811166174576,3.825682760558423,1.668785980965651,24.89963210434627,4.1648755926813195,41.47316743121601,1.3144464563971303,5.248748406147692,0.260936329729189,15.447143821340855,0.0,5.402348831373617,5.273027081562158,0.47641050760027337,-2.0388869244118784,5.853614729172692,4.648670001112865,3.1539082874637763,3.6153220913841633,-0.979129967829343,7.956482356844583,2.8479485065654417,177484293000,25.902147951805553
2017-12-31,2017Q4,1.8976912423082928,3.3839690527199866,1.3441159932659228,23.410214118032247,4.27148643324601,42.66703831649744,1.6693673383857055,5.519010454064541,0.2537776607329693,15.583329390746885,0.0,7.692987264067233,2.4817294159764325,10.538706564621355,5.053854593468825,6.902179949052256,7.75081824700283,2.2765154155745377,6.139714328412331,1.7220386259955767,9.695622553553543,-4.007152345946894,191075920000,25.97593667292704
2018-03-31,2018Q1,2.3804789158709942,3.2688876192143503,1.216820594473898,20.46946352900849,2.3213339802483364,40.95210745419149,1.7361405981102127,5.306503031303086,0.2448098098334833,22.10345446774566,0.0,-9.832806909936151,-10.766610226367956,-1.6568861776307695,-10.024198385780617,-10.594801029815502,-3.48048560003653,-4.963651578691099,-4.880268659288637,-6.650767235108574,-0.7632865231509532,-1.9754325645211026,188795539000,25.963930462200697
2018-06-30,2018Q2,1.2366277469402045,3.085484986612751,1.2962411721035365,19.98981673265071,1.9954553620274325,40.5270537899315,1.9284545276441176,4.908725208150103,0.2610323653704142,24.771108108569234,0.0,4.223807298832351,-0.9006120342809001,10.420822413266551,0.11725233377800344,13.965059587621242,-1.4961737071998589,4.723724861821469,-1.6374100030709566,6.275045134910361,9.042485556936535,3.9990732470542905,195467715000,25.998661062069647
2018-09-30,2018Q3,1.0843878746871152,2.770292777387469,1.0255145167131057,16.962540483351436,0.7870824390842832,42.58720053418472,1.6918075312191971,5.165722041748252,0.234139709335225,27.69131209228921,0.0,0.8924746537189606,7.952330674398925,7.327454992440168,4.701727057934755,1.3425917344057627,4.134140071354028,13.67257677080666,9.937858889948927,-0.875537647571514,8.63526638278847,0.7414416904637706,221020177000,26.12151983293923
2018-12-31,2018Q4,1.2230361218904375,2.8056891552653735,1.5663991369040704,18.569572619233064,0.5615363978105217,45.51510454862476,1.4759687559825767,4.96725026706411,0.2888595314694893,23.026583465755596,0.0,-14.741429512974971,-14.465609314870859,-18.08169221447989,-6.071926628450645,-29.42103343957375,-14.956470185091497,-10.072728703311844,-20.42409815280615,-3.9648499030259994,-19.946207053479988,0.212420395954887,182503931000,25.93003754946301
2019-03-31,2019Q1,1.1586274660117355,2.65316066565813,2.0605413791181433,15.35459920911268,0.2661523695975296,46.41032272226372,1.4190705124129153,4.831101765759796,0.3141870370753607,25.532236872989987,0.0,10.729161299873844,14.209636860888544,15.417263684559254,10.369210750440786,15.695962127067764,9.998363339006694,6.108162318575735,17.440216364776614,15.107132900605299,19.103402759675056,8.270532406155768,198552431000,26.01431903821603
2019-06-30,2019Q2,0.3483723785935723,2.630707029072828,2.11664316642524,15.281922403955427,0.2504986741874384,47.34248185139635,1.260905364512825,4.871256613424756,0.2980769330008392,25.599135585430723,0.0,4.074937237859255,2.628155305003306,3.6410727202214264,3.135671721904792,-5.043020883249401,4.773066010502436,0.7703451866276491,0.9605717541808154,1.5654763730107035,4.1017536225963465,3.7899055189698103,207346806000,26.057658619613722
2019-09-30,2019Q3,0.3421048814180287,2.686130312592186,2.080053889047787,15.054325400327851,0.4034687403558535,45.98826705022418,1.1881789435801635,4.726570162313324,0.3257735773913436,27.20512704274928,0.0,-0.6777863947692265,1.828159677694991,0.17856701352711454,5.224870511147564,-7.619732079040863,1.4322108298408824,-2.7508517727095603,0.489831248519773,6.943284857263732,2.9292185975599825,8.064152813712361,213840854000,26.088497902409205
2019-12-31,2019Q4,0.3060777940250467,2.7010496210260992,1.9256502744368311,14.314363371437777,0.3342711462621395,43.51380258664048,1.4762031596264622,4.233010006212588,0.2877556836395994,30.90781635669298,0.0,5.648328606838604,8.247724775821128,4.036622268287973,2.756466470237357,4.327040939171771,9.393449665644653,12.99836614887612,4.873993303407877,-1.3556161838512746,13.099081246382976,-0.03958434630193471,240992981000,26.20803364553161
2020-03-31,2020Q1,0.2375606790862851,2.8250552580361568,1.7722244167623844,15.787826720084125,0.1252955721375176,37.13874998320544,2.016278897696824,2.958383645343758,0.1928338544938397,36.94579097315367,0.0,-30.918938152001907,-18.90607528396049,-21.798849943684857,-14.37739539086099,-71.45371949416703,-39.06359920404024,-14.006911217843149,-32.03606999828063,-22.114824010060868,-13.028352882043645,-15.301942654328787,174982241000,25.88795032572048
2020-06-30,2020Q2,0.5489422421269007,2.76469599516618,1.8785092115854392,15.074229181968244,0.0,31.88572694548295,1.8659061496119904,0.0032767961130966,0.2884438977053123,45.69026958023989,0.0,22.537943649488817,17.932403901742017,28.19350449659793,7.061797073947972,25.211983108340107,10.80186818918677,12.275127501248594,15.19042188322232,11.6259173410979,26.31427831009841,1.8251707120760112,201538325000,26.02924539875887
2020-09-30,2020Q3,0.3645612804613256,4.151880384681693,2.0004414018375525,12.949409555879049,1.356722443836332,26.58164444750853,3.989033121336908,0.004212785308842,0.2850410207732877,48.317053558376486,0.0,11.985080751209416,8.321926627415207,13.856772227118,9.179208013690802,-23.397738486969093,3.7649072175946867,5.272143121057959,11.32672017900884,1.1761046946175924,11.024183691730586,5.062048175739551,234951446000,26.182644716977254
2020-12-31,2020Q4,0.249022494875492,6.059163275017065,2.05997800461006,12.798667100002303,1.5253789329645624,27.00682458936293,4.473123932508614,0.0037254251776955,0.3089786377982651,45.51513760768301,0.0,13.036705233091283,12.6807692994063,7.562220828139907,5.487335804710742,22.93749472036487,20.31182431953899,7.282190784223816,14.144169707433635,4.0063530160828895,10.904888454229221,5.544725219989287,268506265000,26.316140083956444
2021-03-31,2021Q1,0.1522641978193933,6.027253089248414,2.4270812087274307,13.352932111364268,0.9194948076755384,31.315895880881644,3.866056627347963,0.003742673324056,0.3031758141829601,41.632103589428326,0.0,8.211509148819312,7.5317460904570925,2.901690961618699,0.44993048756477694,25.67244510100749,14.281666199739346,2.70696256451478,10.434872287878123,8.048142715789051,1.7212498722189316,1.9214355120441018,269780425000,26.320874224344404
2021-06-30,2021Q2,0.0,5.647111628757074,2.258448012601855,12.784242412942524,0.8285829062625858,31.8151646984536,3.3022925362421782,0.0042260482523162,0.2882484436054079,43.071683312882456,0.0,4.410988122826996,9.963959655010134,6.5597811358132345,3.119003760253806,9.651614765111225,7.634283595163603,7.680636898017242,4.035361655724041,11.61082328307517,10.706297876937949,-1.1378587963596496,292306175000,26.401067634396405
2021-09-30,2021Q3,0.0,5.2456261432548,2.118310778091467,12.131212513764046,0.9935891354296202,32.151140036267236,2.729271268277648,0.0036908506256042,0.2668310644849609,44.360328209804614,0.0,-4.021614920643397,1.3862249214021964,-0.14887282307623373,-0.9803696355964722,-2.8610704030064755,2.2669365444409695,1.0193387239857532,-4.656286286364882,0.24482196774980813,1.1249008519343318,0.9285692957404621,293076071000,26.403698040252312
2021-12-31,2021Q4,0.0,4.771862610830884,1.9344700681275184,11.597184532593216,1.3609750199098531,29.102140939396342,1.5895899423116506,0.0038609005356423,0.2546890405023841,49.38522694579251,0.0,13.712158877217423,-0.20914167250148372,11.924852679753263,11.86502477444261,6.564616239334499,3.992245989433934,10.234926078414764,7.917991680151741,15.51108664144821,15.229175313147614,11.382482579135463,329767625000,26.521654076698475
2022-03-31,2022Q1,0.3105222223286139,3.8797034619477944,1.5298373455918917,11.31761937040821,9.2820311152446,27.03164094578956,1.4047228341828022,0.0035132239304167,0.1189413420505486,45.121468138525564,0.0,-2.881559993417281,-12.907643428678096,-9.642895721142343,-1.6453290301977883,31.959284324175137,-1.9307077462458906,-3.032901675709924,-2.7757216298265437,-7.123883146523981,-8.942394413408634,3.8854769334267845,362601424000,26.61657006245195
2022-06-30,2022Q2,0.3593959392185478,4.193925432983249,1.192658542290682,13.397999230383116,10.915719309169084,25.57572916947865,1.330761344869975,0.0036185816326035,0.0603017957152115,42.96989065425888,0.0,-17.809886123701883,-23.406045950441783,-30.53737689474548,-5.375208417066171,-6.329173126948478,-19.74763785420393,-6.509004257371158,-16.452264326910758,-16.753820423846864,-22.866329762462513,-5.901758083402775,299647793000,26.425873598564014
2022-09-30,2022Q3,0.3010302323790157,3.756679842974199,1.2787416604858488,12.195609545821553,12.250993173209787,24.24434649277434,1.4166116874583905,0.1051067598680279,0.0,44.45088060502883,0.0,-7.948693237151866,-13.824991665203544,4.0485716272816425,-7.510629418061759,1.1503598634188401,-3.6900602250469206,-5.71108329013249,-5.256211360683017,-12.400913174266663,-6.65438008639985,-6.949403618647611,291405615000,26.397981999567854
2022-12-31,2022Q4,0.3320213387754024,3.5533149696001916,1.1843657278377355,13.717349034225071,13.877482880515265,24.66275323732427,1.2789636638353097,0.1429343860772579,0.0,41.250814761809494,0.0,13.4900934585527,-1.642951558267338,-10.992409347583369,11.314435831158303,19.62021845342748,12.183029187273519,11.637129979987716,17.117398026751555,5.376432850556726,4.343080923743629,8.455738058671116,299007622119,26.42373490204897
2023-03-31,2023Q1,0.2953788983066128,3.3338322577455193,0.9309206119305056,12.303961923749313,10.710714299651292,22.45161886710291,1.1669074513026338,0.1210141282700941,0.0,48.68565156194112,0.0,3.6837404434033827,18.381593570781362,14.638013024507845,0.160306796347929,-5.729666026683545,-6.2390070067139165,-4.833210316341557,2.984836622095308,-1.3980324280992855,19.46658395440273,-5.058660110405517,325108752692,26.507425586969827
2023-06-30,2023Q2,0.1782104955859393,2.16957937292293,1.0152204707791417,10.95009050759224,9.348737249805994,21.875602506839662,1.057072471890699,0.154762758986712,0.0,53.25072416559669,0.0,2.720948394176537,12.060427001718718,13.373975397650026,-0.20010236876758336,-1.8022557100592296,4.712690942059805,2.4771243839120505,5.838409980115087,0.3354468211403063,15.643146256443691,-3.3129082838670394,348194055552,26.576025792199104
2023-09-30,2023Q3,0.0,2.008273759093116,0.770660909349661,11.308948656603803,10.51954024026382,22.42119477117303,1.0833737920548143,0.1236287889217485,0.0,51.76437908254,0.0,-5.816083450348236,2.7974192949044654,-5.130360850316923,-6.835844258171813,10.730071424105128,-1.607912791444914,-3.1086117275151866,-5.724070530358426,-12.611030902683126,-6.019777105124559,-14.399104190237749,314952628264,26.475688077999376
2023-12-31,2023Q4,0.0,1.8288047631216555,0.6112230618183646,10.77936258380316,9.480047520254816,25.24782827884198,1.0745565971965982,0.1417987915948997,0.0,50.836378403368535,0.0,7.5050363784094065,9.256120123494881,10.576313142401027,5.82928183708189,-6.936442078043684,12.995949202372344,7.515993060690833,10.82156869557346,17.403210188544406,13.016793304067706,12.512427019305116,351900674461,26.586614797898996
2024-03-31,2024Q1,0.0,1.9181831924770472,0.7648669799507667,11.872362541543607,10.70837930548366,31.225625563884208,1.5023478453569563,0.1669178288589748,0.0,41.84131674244478,0.0,8.689677092580855,16.82682846565401,4.960965668387921,4.683533122475389,11.547643517973007,10.290202460811278,5.438259341174569,10.211012667914327,-4.234176765192529,14.598190743906894,0.9993377054015827,331680406332,26.527437710705488
2024-06-30,2024Q2,0.0,2.100414319634924,0.9643309976487132,13.743364439982397,12.37402943599428,37.88392389122557,1.786541374658091,0.2416178567513473,0.0,30.90577768410467,0.0,-4.552787934228126,7.369926648458082,1.7855563639240628,0.7828332069506455,-4.01230080284625,-1.6171600818615377,-1.0612876661129982,-3.626307056734073,1.2275716948403732,13.82624148930337,5.247043220008772,279969062343,26.357944942378868
2024-09-30,2024Q3,0.0,2.183758996307775,0.9601103113537316,16.170199972168927,11.496775094112644,39.435030940003806,2.2213271317010186,0.3780740723451772,0.0,27.15472348200693,0.0,9.388947312376516,1.315034674161239,6.58695494916623,8.634599535995822,-3.1846650720024168,9.507678495231902,6.062144517204851,11.679191724820342,15.523875764725888,0.1411268712055229,16.5701140651869,266378900503,26.30818557015991
2024-12-31,2024Q4,0.0,2.2680901823168305,1.2369453656962563,14.684609369284892,11.315636386902812,38.9585960143157,2.020429647658875,0.3690578646006429,0.0,29.146635169223984,0.0,-13.72383722680187,8.251409121243618,13.15704675199548,-3.9202695233172253,-3.248189292757189,6.4541874723198,-11.286120266962023,-2.7764981654023693,-9.818442541399227,4.5674047288473965,-6.372636302916629,267175474249,26.311171486405858
