filedFor,ticker,value
2013-06-30,AXP,11334417000
2013-06-30,BK,691264000
2013-06-30,CBI,569798000
2013-06-30,COP,1459497000
2013-06-30,COST,479140000
2013-06-30,DE,323275000
2013-06-30,DISH,23272000
2013-06-30,DTV1,2297655000
2013-06-30,DVA,1808848000
2013-06-30,FWONA,712688000
2013-06-30,GE,13657000
2013-06-30,GHC,835840000
2013-06-30,GL,275921000
2013-06-30,GM,1332400000
2013-06-30,IBM,13018792000
2013-06-30,JNJ,28085000
2013-06-30,KO,16044001000
2013-06-30,KRFT,10764000
2013-06-30,LEE,181000
2013-06-30,MA,232673000
2013-06-30,MCO,1518508000
2013-06-30,MDLZ,16490000
2013-06-30,MEG1,51248000
2013-06-30,MTB,601444000
2013-06-30,NOV,611832000
2013-06-30,PCP,446898000
2013-06-30,PG,4064539000
2013-06-30,PSX,1600226000
2013-06-30,STRZA,124254000
2013-06-30,UPS,5137000
2013-06-30,USB,2829725000
2013-06-30,USG,393514000
2013-06-30,V,284260000
2013-06-30,VIAB,517518000
2013-06-30,VRSK,93337000
2013-06-30,VRSN,486679000
2013-06-30,WBC,304461000
2013-06-30,WFC,19113442000
2013-06-30,WMT,3668426000
2013-06-30,XOM,2822906
2013-09-30,AXP,11449640000
2013-09-30,BK,744269000
2013-09-30,CBI,647254000
2013-09-30,COP,940419000
2013-09-30,COST,499073000
2013-09-30,DE,323832000
2013-09-30,DISH,24635000
2013-09-30,DTV1,2182848000
2013-09-30,DVA,1789325000
2013-09-30,FWONA,827327000
2013-09-30,GE,14069000
2013-09-30,GHC,1056270000
2013-09-30,GL,306461000
2013-09-30,GM,1438800000
2013-09-30,IBM,12614828000
2013-09-30,JNJ,28356000
2013-09-30,KO,15152001000
2013-09-30,KRFT,10111000
2013-09-30,LEE,235000
2013-09-30,MA,272476000
2013-09-30,MCO,1752777000
2013-09-30,MDLZ,18161000
2013-09-30,MEG1,66255000
2013-09-30,MTB,602358000
2013-09-30,NOV,693617000
2013-09-30,PCP,449330000
2013-09-30,PG,3990629000
2013-09-30,PSX,1570618000
2013-09-30,STRZA,158156000
2013-09-30,UPS,5427000
2013-09-30,USB,2894119000
2013-09-30,USG,487923000
2013-09-30,V,297248000
2013-09-30,VIAB,635809000
2013-09-30,VRSK,101561000
2013-09-30,VRSN,557832000
2013-09-30,WBC,343471000
2013-09-30,WFC,19136598000
2013-09-30,WMT,3642325000
2013-09-30,XOM,3449290000
2013-12-31,AXP,13755639000
2013-12-31,BK,861370000
2013-12-31,CBI,794050000
2013-12-31,COP,782799000
2013-12-31,COST,515757000
2013-12-31,DE,363381000
2013-12-31,DTV1,2521705000
2013-12-31,DVA,2310552000
2013-12-31,FWONA,775347000
2013-12-31,GE,296712000
2013-12-31,GHC,1146062000
2013-12-31,GL,331029000
2013-12-31,GM,1634800000
2013-12-31,GS,2239065000
2013-12-31,IBM,12777641000
2013-12-31,JNJ,29959000
2013-12-31,KO,16524000000
2013-12-31,KRFT,10387000
2013-12-31,LBTYA,262397000
2013-12-31,LEE,308000
2013-12-31,MA,338361000
2013-12-31,MCO,1935837000
2013-12-31,MDLZ,20403000
2013-12-31,MEG1,105005000
2013-12-31,MTB,626576000
2013-12-31,NOV,706226000
2013-12-31,PCP,532496000
2013-12-31,PG,4297885000
2013-12-31,PSX,2095153000
2013-12-31,STRZA,132804000
2013-12-31,UPS,6242000
2013-12-31,USB,3204565000
2013-12-31,USG,990184000
2013-12-31,V,346370000
2013-12-31,VIAB,664412000
2013-12-31,VRSK,102749000
2013-12-31,VRSN,655280000
2013-12-31,WBC,380770000
2013-12-31,WFC,21040998000
2013-12-31,WMT,3893875000
2013-12-31,XOM,4162320000
2014-03-31,AXP,13649511000
2014-03-31,BK,869997000
2014-03-31,CBI,832348000
2014-03-31,COP,779475000
2014-03-31,COST,483950000
2014-03-31,DE,361272000
2014-03-31,DTV1,2637614000
2014-03-31,DVA,2590216000
2014-03-31,FWONA,692869000
2014-03-31,GE,274059000
2014-03-31,GHC,1215915000
2014-03-31,GL,333359000
2014-03-31,GM,1032600000
2014-03-31,GS,2069676000
2014-03-31,IBM,13157670000
2014-03-31,JNJ,32131000
2014-03-31,KO,15464001000
2014-03-31,KRFT,10809000
2014-03-31,LBTYA,305634000
2014-03-31,LBTYK,299095000
2014-03-31,LEE,397000
2014-03-31,MA,302535000
2014-03-31,MCO,1956807000
2014-03-31,MDLZ,19970000
2014-03-31,MEG1,85351000
2014-03-31,MTB,652842000
2014-03-31,NOV,691486000
2014-03-31,PCP,499792000
2014-03-31,PG,4255122000
2014-03-31,PSX,750664000
2014-03-31,STRZA,61963000
2014-03-31,UPS,5784000
2014-03-31,USB,3429944000
2014-03-31,USG,1141607000
2014-03-31,V,335761000
2014-03-31,VIAB,646535000
2014-03-31,VRSK,93744000
2014-03-31,VRSN,629974000
2014-03-31,VZ,524352000
2014-03-31,WBC,430297000
2014-03-31,WFC,23052408000
2014-03-31,WMT,4436946000
2014-03-31,XOM,4017544000
2014-06-30,AXP,14383308000
2014-06-30,BK,923989000
2014-06-30,CBI,729816000
2014-06-30,CHTR,365701000
2014-06-30,COP,116184000
2014-06-30,COST,499030000
2014-06-30,DE,360277000
2014-06-30,DNOW,66104000
2014-06-30,DTV1,1995014000
2014-06-30,DVA,2720762000
2014-06-30,FWONA,546720000
2014-06-30,GE,278186000
2014-06-30,GHC,77251000
2014-06-30,GL,346998000
2014-06-30,GM,1196451000
2014-06-30,GS,2115024000
2014-06-30,IBM,12720437000
2014-06-30,JNJ,34221000
2014-06-30,KO,16944000000
2014-06-30,KRFT,11550000
2014-06-30,LBTYA,436299000
2014-06-30,LBTYK,310850000
2014-06-30,LEE,395000
2014-06-30,MA,297554000
2014-06-30,MCO,2162553000
2014-06-30,MDLZ,21739000
2014-06-30,MEG1,95387000
2014-06-30,MTB,667642000
2014-06-30,NOV,601342000
2014-06-30,PCP,473659000
2014-06-30,PG,4149008000
2014-06-30,PSX,522457000
2014-06-30,UPS,6098000
2014-06-30,USB,3469692000
2014-06-30,USG,1175131000
2014-06-30,V,379225000
2014-06-30,VIAB,659772000
2014-06-30,VRSK,93837000
2014-06-30,VRSN,633798000
2014-06-30,VZ,733996000
2014-06-30,WBC,435433000
2014-06-30,WFC,24359359000
2014-06-30,WMT,4413910000
2014-06-30,XOM,4140932000
2014-09-30,AXP,13272002000
2014-09-30,BK,905413000
2014-09-30,CBI,619059000
2014-09-30,CHTR,749296000
2014-09-30,COP,36117000
2014-09-30,COST,543057000
2014-09-30,DE,620451
2014-09-30,DNOW,55515000
2014-09-30,DTV1,2595600000
2014-09-30,DVA,2751611000
2014-09-30,ESRX,31747000
2014-09-30,FWONA,188720000
2014-09-30,FWONK,375920000
2014-09-30,GE,271200000
2014-09-30,GHC,75259000
2014-09-30,GL,332745000
2014-09-30,GM,1277600000
2014-09-30,GS,2318769000
2014-09-30,IBM,13378840000
2014-09-30,JNJ,34866000
2014-09-30,KO,17064001000
2014-09-30,KRFT,10866000
2014-09-30,LBTYA,442459000
2014-09-30,LBTYK,301336000
2014-09-30,LEE,300000
2014-09-30,MA,348562000
2014-09-30,MCO,2331294000
2014-09-30,MDLZ,19805000
2014-09-30,MEG1,60912000
2014-09-30,MTB,663552000
2014-09-30,NOV,485698000
2014-09-30,PCP,493237000
2014-09-30,PG,4420893000
2014-09-30,PSX,504317000
2014-09-30,UPS,5838000
2014-09-30,USB,3350353000
2014-09-30,USG,1072166000
2014-09-30,V,457954000
2014-09-30,VIAB,593069000
2014-09-30,VRSK,95197000
2014-09-30,VRSN,715733000
2014-09-30,VZ,749897000
2014-09-30,WBC,370742000
2014-09-30,WFC,24039574000
2014-09-30,WMT,4617663000
2014-09-30,XOM,3868243000
2014-12-31,AXP,14105859000
2014-12-31,BK,893050000
2014-12-31,CBI,449233000
2014-12-31,CHTR,1032751000
2014-12-31,COST,614254000
2014-12-31,DE,1512562000
2014-12-31,DNOW,46972000
2014-12-31,DTV1,2718346000
2014-12-31,DVA,2920956000
2014-12-31,FWONA,141080000
2014-12-31,FWONK,280240000
2014-12-31,GE,267496000
2014-12-31,GHC,92914000
2014-12-31,GL,344181000
2014-12-31,GM,1431311000
2014-12-31,GS,2448370000
2014-12-31,IBM,12349358000
2014-12-31,JNJ,34205000
2014-12-31,KO,16887999000
2014-12-31,KRFT,12072000
2014-12-31,LBTYA,543034000
2014-12-31,LBTYK,354932000
2014-12-31,LEE,327000
2014-12-31,MA,465243000
2014-12-31,MCO,2363611000
2014-12-31,MDLZ,20996000
2014-12-31,MEG1,77731000
2014-12-31,MTB,676093000
2014-12-31,NOV,344582000
2014-12-31,PCP,687396000
2014-12-31,PG,4808922000
2014-12-31,PSX,470897000
2014-12-31,QSR,329428000
2014-12-31,TFCFA,182324000
2014-12-31,UPS,6603000
2014-12-31,USB,3600249000
2014-12-31,USG,1091666000
2014-12-31,V,657936000
2014-12-31,VIAB,649723000
2014-12-31,VRSK,100138000
2014-12-31,VRSN,740145000
2014-12-31,VZ,701743000
2014-12-31,WBC,427117000
2014-12-31,WFC,25406775000
2014-12-31,WMT,5185887000
2015-03-31,AXP,11843828000
2015-03-31,BK,832180000
2015-03-31,CBI,527137000
2015-03-31,CHTR,1154631000
2015-03-31,COST,656483000
2015-03-31,DE,1517922000
2015-03-31,DNOW,39506000
2015-03-31,DTV1,2668181000
2015-03-31,DVA,3134610000
2015-03-31,FWONA,154200000
2015-03-31,FWONK,305600000
2015-03-31,GE,262628000
2015-03-31,GHC,112914000
2015-03-31,GL,348947000
2015-03-31,GM,1537501000
2015-03-31,GS,2374349000
2015-03-31,IBM,12770201000
2015-03-31,JNJ,32906000
2015-03-31,KO,16220000000
2015-03-31,KRFT,16784000
2015-03-31,LBTYA,532344000
2015-03-31,LBTYK,365952000
2015-03-31,LEE,282000
2015-03-31,MA,451799000
2015-03-31,MCO,2560723000
2015-03-31,MDLZ,20860000
2015-03-31,MEG1,76616000
2015-03-31,MTB,683519000
2015-03-31,NOV,98925000
2015-03-31,PCP,882166000
2015-03-31,PG,4325865000
2015-03-31,PSX,589457000
2015-03-31,QSR,324112000
2015-03-31,TFCFA,210759000
2015-03-31,UPS,5758000
2015-03-31,USB,3658385000
2015-03-31,USG,1041354000
2015-03-31,V,646588000
2015-03-31,VIAB,564505000
2015-03-31,VRSK,111629000
2015-03-31,VRSN,869605000
2015-03-31,VZ,729495000
2015-03-31,WBC,474709000
2015-03-31,WFC,25583903000
2015-03-31,WMT,4966691000
2015-06-30,AXP,11783184000
2015-06-30,AXTA,661600000
2015-06-30,BK,867957000
2015-06-30,CBI,466719000
2015-06-30,CHTR,1458139000
2015-06-30,COST,585264000
2015-06-30,DE,1679944000
2015-06-30,DNOW,36348000
2015-06-30,DTV1,2909288000
2015-06-30,DVA,3064805000
2015-06-30,FWONA,144160000
2015-06-30,FWONK,287200000
2015-06-30,GE,281257000
2015-06-30,GHC,115649000
2015-06-30,GL,369915000
2015-06-30,GM,1366530000
2015-06-30,GS,2637337000
2015-06-30,IBM,12942062000
2015-06-30,JNJ,31879000
2015-06-30,KO,15692001000
2015-06-30,KRFT,16404000
2015-06-30,LBTYA,559234000
2015-06-30,LBTYK,371977000
2015-06-30,LEE,296000
2015-06-30,MA,488878000
2015-06-30,MCO,2663349000
2015-06-30,MDLZ,23779000
2015-06-30,MEG1,76756000
2015-06-30,MTB,672379000
2015-06-30,PCP,839612000
2015-06-30,PG,4130531000
2015-06-30,PSX,2392467
2015-06-30,QSR,322425000
2015-06-30,TFCFA,202693000
2015-06-30,UPS,5756000
2015-06-30,USB,3691742000
2015-06-30,USG,1083866000
2015-06-30,V,663788000
2015-06-30,VIAB,365004000
2015-06-30,VRSK,113755000
2015-06-30,VRSN,801434000
2015-06-30,VZ,699193000
2015-06-30,WBC,467315000
2015-06-30,WFC,26449243000
2015-06-30,WMT,4283129000
2015-09-30,AXP,11238901000
2015-09-30,AXTA,587875000
2015-09-30,BK,787393000
2015-09-30,CBI,78653000
2015-09-30,CHTR,1808020000
2015-09-30,COST,626474000
2015-09-30,DE,1261857000
2015-09-30,DNOW,27018000
2015-09-30,DVA,2789448000
2015-09-30,FWONA,278617000
2015-09-30,FWONK,530210000
2015-09-30,GE,266966000
2015-09-30,GHC,62071000
2015-09-30,GL,358350000
2015-09-30,GM,1501000000
2015-09-30,GS,1904326000
2015-09-30,IBM,11747419000
2015-09-30,JNJ,30535000
2015-09-30,KHC,22983305000
2015-09-30,KO,16047999000
2015-09-30,LBTYA,513446000
2015-09-30,LBTYK,301373000
2015-09-30,LEE,185000
2015-09-30,LILA,17422000
2015-09-30,LILAK,12578000
2015-09-30,MA,471306000
2015-09-30,MCO,2422572000
2015-09-30,MDLZ,24201000
2015-09-30,MEG1,48564000
2015-09-30,MTB,656340000
2015-09-30,PCP,964963000
2015-09-30,PG,3797934000
2015-09-30,PSX,4724655000
2015-09-30,QSR,303101000
2015-09-30,T,1932670000
2015-09-30,TFCFA,241522000
2015-09-30,UPS,5862000
2015-09-30,USB,3488441000
2015-09-30,USG,1038234000
2015-09-30,V,688600000
2015-09-30,VRSK,115553000
2015-09-30,VRSN,916222000
2015-09-30,VZ,652691000
2015-09-30,WBC,373110000
2015-09-30,WFC,24149513000
2015-09-30,WMT,3643055000
2015-12-31,AXP,10544524000
2015-12-31,AXTA,621585000
2015-12-31,BK,829026000
2015-12-31,CHTR,1882561000
2015-12-31,COST,699838000
2015-12-31,DE,1745375000
2015-12-31,DNOW,28880000
2015-12-31,DVA,2688406000
2015-12-31,FWONA,306150000
2015-12-31,FWONK,585909000
2015-12-31,GE,329739000
2015-12-31,GHC,52171000
2015-12-31,GL,363180000
2015-12-31,GM,1700501000
2015-12-31,GS,1975234000
2015-12-31,IBM,11151823000
2015-12-31,JNJ,33600000
2015-12-31,KHC,23693189000
2015-12-31,KMI,395880000
2015-12-31,KO,17184000000
2015-12-31,LBTYA,531377000
2015-12-31,LBTYK,299536000
2015-12-31,LEE,149000
2015-12-31,LILA,21394000
2015-12-31,LILAK,15796000
2015-12-31,MA,509169000
2015-12-31,MCO,2475366000
2015-12-31,MDLZ,25918000
2015-12-31,MEG1,56062000
2015-12-31,MTB,652195000
2015-12-31,PCP,974626000
2015-12-31,PG,4192298000
2015-12-31,PSX,5029632000
2015-12-31,QSR,315252000
2015-12-31,T,1602719000
2015-12-31,TFCFA,243133000
2015-12-31,UPS,5716000
2015-12-31,USB,3629646000
2015-12-31,USG,947359000
2015-12-31,V,766594000
2015-12-31,VRSK,120197000
2015-12-31,VRSN,1134370000
2015-12-31,VZ,693343000
2015-12-31,WBC,340650000
2015-12-31,WFC,26076724000
2015-12-31,WMT,3444158000
2016-03-31,AAPL,1069382000
2016-03-31,AXP,9308898000
2016-03-31,AXTA,681061000
2016-03-31,BK,767066000
2016-03-31,CHTR,2090455000
2016-03-31,COST,682851000
2016-03-31,DE,1792404000
2016-03-31,DNOW,32349000
2016-03-31,DVA,2829941000
2016-03-31,FWONA,386300000
2016-03-31,FWONK,761800000
2016-03-31,GE,336514000
2016-03-31,GHC,51636000
2016-03-31,GL,344118000
2016-03-31,GM,1571500000
2016-03-31,GS,1720425000
2016-03-31,IBM,12302631000
2016-03-31,JNJ,35392000
2016-03-31,KHC,25581871000
2016-03-31,KMI,473889000
2016-03-31,KO,18556000000
2016-03-31,LBTYA,599732000
2016-03-31,LBTYK,275952000
2016-03-31,LEE,160000
2016-03-31,LILA,18131000
2016-03-31,LILAK,13915000
2016-03-31,MA,466334000
2016-03-31,MCO,2382113000
2016-03-31,MDLZ,23189000
2016-03-31,MEG1,56617000
2016-03-31,MTB,597406000
2016-03-31,PG,25961000
2016-03-31,PSX,6541939000
2016-03-31,QSR,327656000
2016-03-31,TFCFA,249578000
2016-03-31,UPS,6265000
2016-03-31,USB,3452714000
2016-03-31,USG,967640000
2016-03-31,V,783091000
2016-03-31,VRSK,124950000
2016-03-31,VRSN,1149692000
2016-03-31,VZ,811250000
2016-03-31,WBC,346110000
2016-03-31,WFC,23198499000
2016-03-31,WMT,3783104000
2016-06-30,AAPL,1455768000
2016-06-30,AXP,9211866000
2016-06-30,AXTA,618786000
2016-06-30,BK,809137000
2016-06-30,CHTR,2134924000
2016-06-30,COST,680511000
2016-06-30,DE,1779577000
2016-06-30,DNOW,33116000
2016-06-30,DVA,2981889000
2016-06-30,FWONA,47850000
2016-06-30,FWONK,94850000
2016-06-30,GE,333233000
2016-06-30,GHC,52663000
2016-06-30,GL,392788000
2016-06-30,GM,1415000000
2016-06-30,GS,1628365000
2016-06-30,IBM,12329439000
2016-06-30,JNJ,39677000
2016-06-30,KHC,28812169000
2016-06-30,KMI,496708000
2016-06-30,KO,18132000000
2016-06-30,LBTYA,562802000
2016-06-30,LBTYK,210491000
2016-06-30,LEE,170000
2016-06-30,LILA,87581000
2016-06-30,LILAK,41718000
2016-06-30,LSXMA,313600000
2016-06-30,LSXMK,617399000
2016-06-30,MA,434555000
2016-06-30,MCO,2311805000
2016-06-30,MDLZ,26305000
2016-06-30,MEG1,59672000
2016-06-30,MTB,636319000
2016-06-30,PG,26705000
2016-06-30,PSX,6250563000
2016-06-30,QSR,351030000
2016-06-30,TFCFA,242148000
2016-06-30,UPS,6399000
2016-06-30,USB,3430598000
2016-06-30,USG,1051494000
2016-06-30,V,759438000
2016-06-30,VRSK,126763000
2016-06-30,VRSN,1119894000
2016-06-30,VZ,837652000
2016-06-30,WBC,296420000
2016-06-30,WFC,22704405000
2016-06-30,WMT,2937332000
2016-09-30,AAL,797020000
2016-09-30,AAPL,1721492000
2016-09-30,AXP,9709150000
2016-09-30,AXTA,659369000
2016-09-30,BK,842932000
2016-09-30,CHTR,2549459000
2016-09-30,COST,660881000
2016-09-30,DAL,249303000
2016-09-30,DE,1799610000
2016-09-30,DNOW,39122000
2016-09-30,DVA,2548027000
2016-09-30,FWONA,37131000
2016-09-30,FWONK,89740000
2016-09-30,GE,313541000
2016-09-30,GHC,51783000
2016-09-30,GL,405940000
2016-09-30,GM,1588501000
2016-09-30,GS,1767441000
2016-09-30,IBM,12903752000
2016-09-30,JNJ,38640000
2016-09-30,KHC,29147573000
2016-09-30,KMI,462600000
2016-09-30,KO,16928001000
2016-09-30,LBTYA,689783000
2016-09-30,LBTYK,242744000
2016-09-30,LEE,333000
2016-09-30,LILA,74903000
2016-09-30,LILAK,36017000
2016-09-30,LSXMA,341799000
2016-09-30,LSXMK,742909000
2016-09-30,MA,502210000
2016-09-30,MCO,2671244000
2016-09-30,MDLZ,25374000
2016-09-30,MTB,624856000
2016-09-30,PG,28307000
2016-09-30,PSX,6499571000
2016-09-30,QSR,376176000
2016-09-30,TFCFA,216814000
2016-09-30,UAL,237847000
2016-09-30,UPS,6496000
2016-09-30,USB,3648359000
2016-09-30,USG,1008202000
2016-09-30,V,873516000
2016-09-30,VRSK,127076000
2016-09-30,VRSN,1013423000
2016-09-30,VZ,779748000
2016-09-30,WBC,382414000
2016-09-30,WFC,21241306000
2016-09-30,WMT,935510000
2016-12-31,AAL,2126489000
2016-12-31,AAPL,6643394000
2016-12-31,AXP,11231321000
2016-12-31,AXTA,634413000
2016-12-31,BK,1026818000
2016-12-31,CHTR,2718970000
2016-12-31,COST,693815000
2016-12-31,DAL,2952679000
2016-12-31,DVA,2475910000
2016-12-31,GE,334501000
2016-12-31,GHC,55073000
2016-12-31,GL,468651000
2016-12-31,GM,1741999000
2016-12-31,GS,2624257000
2016-12-31,IBM,13483751000
2016-12-31,JNJ,37685000
2016-12-31,KHC,28434432000
2016-12-31,KO,16584000000
2016-12-31,LBTYA,617334000
2016-12-31,LBTYK,218205000
2016-12-31,LILA,59618000
2016-12-31,LILAK,27183000
2016-12-31,LSXMA,347230000
2016-12-31,LSXMK,754249000
2016-12-31,LUV,2153276000
2016-12-31,MA,509514000
2016-12-31,MCO,2325620000
2016-12-31,MDLZ,25623000
2016-12-31,MON2,846076000
2016-12-31,MTB,841913000
2016-12-31,PG,26519000
2016-12-31,PSX,6972414000
2016-12-31,QSR,402166000
2016-12-31,SIRI,741547000
2016-12-31,TFCFA,251011000
2016-12-31,UAL,2109975000
2016-12-31,UPS,6810000
2016-12-31,USB,4369696000
2016-12-31,USG,1126378000
2016-12-31,V,824083000
2016-12-31,VRSK,126904000
2016-12-31,VRSN,985315000
2016-12-31,VZ,50000
2016-12-31,WBC,357555000
2016-12-31,WFC,26436503000
2016-12-31,WMT,96320000
2017-03-31,AAL,2084496000
2017-03-31,AAPL,18583441000
2017-03-31,AXP,11993921000
2017-03-31,AXTA,751033000
2017-03-31,BK,1559160000
2017-03-31,CHTR,3091043000
2017-03-31,COST,726662000
2017-03-31,DAL,2528995000
2017-03-31,DVA,2621301000
2017-03-31,GE,315448000
2017-03-31,GHC,64496000
2017-03-31,GL,489492000
2017-03-31,GM,1768001000
2017-03-31,GS,2517620000
2017-03-31,IBM,11242819000
2017-03-31,JNJ,40740000
2017-03-31,KHC,29570898000
2017-03-31,KO,16976000000
2017-03-31,LBTYA,723889000
2017-03-31,LBTYK,257438000
2017-03-31,LILA,60378000
2017-03-31,LILAK,29584000
2017-03-31,LSXMA,398845000
2017-03-31,LSXMK,865070000
2017-03-31,LUV,2562172000
2017-03-31,MA,555012000
2017-03-31,MCO,2764002000
2017-03-31,MDLZ,24900000
2017-03-31,MON2,910330000
2017-03-31,MTB,832764000
2017-03-31,PG,28339000
2017-03-31,PSX,6392254000
2017-03-31,QSR,470347000
2017-03-31,SIRI,887476000
2017-03-31,UAL,2045124000
2017-03-31,UPS,6374000
2017-03-31,USB,4380754000
2017-03-31,USG,1240264000
2017-03-31,V,938686000
2017-03-31,VRSK,126857000
2017-03-31,VRSN,1128313000
2017-03-31,VZ,45000
2017-03-31,WBC,341522000
2017-03-31,WFC,26700340000
2017-03-31,WMT,100445000
2017-06-30,AAL,2365039000
2017-06-30,AAPL,18750246000
2017-06-30,AXP,12771685000
2017-06-30,AXTA,747301000
2017-06-30,BK,2562715000
2017-06-30,CHTR,3181040000
2017-06-30,COST,693035000
2017-06-30,DAL,2854152000
2017-06-30,DVA,2497506000
2017-06-30,GHC,64507000
2017-06-30,GL,486059000
2017-06-30,GM,2095800000
2017-06-30,GS,2431917000
2017-06-30,IBM,8319845000
2017-06-30,JNJ,43272000
2017-06-30,KHC,27887366000
2017-06-30,KO,17939999000
2017-06-30,LBTYA,648210000
2017-06-30,LBTYK,229078000
2017-06-30,LILA,59102000
2017-06-30,LILAK,27491000
2017-06-30,LSXMA,623838000
2017-06-30,LSXMK,1296494000
2017-06-30,LUV,2961559000
2017-06-30,MA,599326000
2017-06-30,MCO,3001819000
2017-06-30,MDLZ,24964000
2017-06-30,MON2,951826000
2017-06-30,MTB,871622000
2017-06-30,PG,27487000
2017-06-30,PSX,6672247000
2017-06-30,QSR,527727000
2017-06-30,SIRI,754399000
2017-06-30,STOR,418057000
2017-06-30,SYF,520747000
2017-06-30,UAL,2122920000
2017-06-30,UPS,6569000
2017-06-30,USB,4416478000
2017-06-30,USG,1131838000
2017-06-30,V,990547000
2017-06-30,VRSK,131907000
2017-06-30,VRSN,1204088000
2017-06-30,VZ,41000
2017-06-30,WBC,8058000
2017-06-30,WFC,25931175000
2017-06-30,WMT,105461000
2017-09-30,AAL,2232031000
2017-09-30,AAPL,20666379000
2017-09-30,AXP,13714704000
2017-09-30,AXTA,674530000
2017-09-30,BAC,17205859000
2017-09-30,BK,2663173000
2017-09-30,CHTR,3085214000
2017-09-30,COST,711928000
2017-09-30,DAL,2560983000
2017-09-30,DVA,2290410000
2017-09-30,GHC,62942000
2017-09-30,GL,508871000
2017-09-30,GM,2422799000
2017-09-30,GS,2599488000
2017-09-30,IBM,5371833000
2017-09-30,JNJ,42526000
2017-09-30,KHC,25252980000
2017-09-30,KO,18004001000
2017-09-30,LBTYA,684334000
2017-09-30,LBTYK,240246000
2017-09-30,LILA,64505000
2017-09-30,LILAK,29918000
2017-09-30,LSXMA,622649000
2017-09-30,LSXMK,1301779000
2017-09-30,LUV,2667976000
2017-09-30,MA,696788000
2017-09-30,MCO,3434280000
2017-09-30,MDLZ,23501000
2017-09-30,MON2,1063219000
2017-09-30,MTB,866724000
2017-09-30,PG,28695000
2017-09-30,PSX,7392000000
2017-09-30,QSR,539034000
2017-09-30,SIRI,761295000
2017-09-30,STOR,463121000
2017-09-30,SYF,645933000
2017-09-30,UAL,1717519000
2017-09-30,UPS,7133000
2017-09-30,USB,4558535000
2017-09-30,USG,1273416000
2017-09-30,V,1111593000
2017-09-30,VRSK,130062000
2017-09-30,VRSN,1378042000
2017-09-30,VZ,46000
2017-09-30,WFC,25602410000
2017-09-30,WMT,108889000
2017-12-31,AAL,2393379000
2017-12-31,AAPL,27979467000
2017-12-31,AXP,15056458000
2017-12-31,AXTA,754765000
2017-12-31,BAC,20044080000
2017-12-31,BK,3275697000
2017-12-31,CHTR,2852096000
2017-12-31,COST,806526000
2017-12-31,DAL,2974182000
2017-12-31,DVA,2786362000
2017-12-31,GHC,60065000
2017-12-31,GL,576346000
2017-12-31,GM,2049500000
2017-12-31,GS,2792047000
2017-12-31,IBM,314211000
2017-12-31,JNJ,45702000
2017-12-31,KHC,25321363000
2017-12-31,KO,18352001000
2017-12-31,LBTYA,723283000
2017-12-31,LBTYK,248621000
2017-12-31,LILA,54704000
2017-12-31,LILAK,25539000
2017-12-31,LSXMA,589362000
2017-12-31,LSXMK,1233068000
2017-12-31,LUV,3119312000
2017-12-31,MA,746925000
2017-12-31,MCO,3641506000
2017-12-31,MDLZ,24738000
2017-12-31,MON2,1367348000
2017-12-31,MTB,920275000
2017-12-31,PG,28979000
2017-12-31,PSX,8161782000
2017-12-31,QSR,518782000
2017-12-31,SIRI,739228000
2017-12-31,STOR,484908000
2017-12-31,SYF,803203000
2017-12-31,TEVA,357695000
2017-12-31,UAL,1901459000
2017-12-31,UPS,7078000
2017-12-31,USB,4664615000
2017-12-31,USG,1503918000
2017-12-31,V,1204332000
2017-12-31,VRSK,150090000
2017-12-31,VRSN,1482312000
2017-12-31,VZ,49000
2017-12-31,WFC,27800952000
2017-12-31,WMT,137610000
2018-03-31,AAL,2390159000
2018-03-31,AAPL,40194658000
2018-03-31,AXP,14142245000
2018-03-31,AXTA,704152000
2018-03-31,BAC,20363209000
2018-03-31,BK,3204724000
2018-03-31,CHTR,2559122000
2018-03-31,COST,816536000
2018-03-31,DAL,2937781000
2018-03-31,DVA,2543014000
2018-03-31,GL,534794000
2018-03-31,GM,1816999000
2018-03-31,GS,2760264000
2018-03-31,JNJ,41918000
2018-03-31,KHC,20283793000
2018-03-31,KO,17371999000
2018-03-31,LBTYA,570042000
2018-03-31,LBTYK,223568000
2018-03-31,LILA,52804000
2018-03-31,LILAK,24512000
2018-03-31,LSXMA,610761000
2018-03-31,LSXMK,1270067000
2018-03-31,LUV,2729934000
2018-03-31,MA,864372000
2018-03-31,MCO,3979236000
2018-03-31,MDLZ,24120000
2018-03-31,MON2,2213625000
2018-03-31,MTB,992234000
2018-03-31,PG,25005000
2018-03-31,PSX,4382575000
2018-03-31,QSR,480304000
2018-03-31,SIRI,860594000
2018-03-31,STOR,462190000
2018-03-31,SYF,697524000
2018-03-31,TEVA,692824000
2018-03-31,UAL,1924733000
2018-03-31,UPS,6217000
2018-03-31,USB,4587811000
2018-03-31,USG,1576461000
2018-03-31,V,1263481000
2018-03-31,VRSK,29617000
2018-03-31,VRSN,1535678000
2018-03-31,VZ,44000
2018-03-31,WFC,23925858000
2018-03-31,WMT,123981000
2018-06-30,AAL,1696812000
2018-06-30,AAPL,46639553000
2018-06-30,AXP,14857849000
2018-06-30,AXTA,735441000
2018-06-30,BAC,19141009000
2018-06-30,BK,3494685000
2018-06-30,CHTR,2200303000
2018-06-30,COST,905586000
2018-06-30,DAL,3154005000
2018-06-30,DVA,2677993000
2018-06-30,GL,517257000
2018-06-30,GM,2024908000
2018-06-30,GS,2923543000
2018-06-30,JNJ,39690000
2018-06-30,KHC,20456379000
2018-06-30,KO,17544001000
2018-06-30,LBTYA,545044000
2018-06-30,LBTYK,195503000
2018-06-30,LILA,51908000
2018-06-30,LILAK,24884000
2018-06-30,LSXMA,669460000
2018-06-30,LSXMK,1410288000
2018-06-30,LUV,2877132000
2018-06-30,MA,969778000
2018-06-30,MCO,4207677000
2018-06-30,MDLZ,23698000
2018-06-30,MTB,915754000
2018-06-30,PG,24620000
2018-06-30,PSX,3900471000
2018-06-30,QSR,508825000
2018-06-30,SIRI,933690000
2018-06-30,STOR,510234000
2018-06-30,SYF,694404000
2018-06-30,TEVA,1051823000
2018-06-30,UAL,1860714000
2018-06-30,UPS,6310000
2018-06-30,USB,5036709000
2018-06-30,USG,1681767000
2018-06-30,V,1398998000
2018-06-30,VRSN,1779966000
2018-06-30,VZ,47000
2018-06-30,WFC,25059643000
2018-06-30,WMT,119354000
2018-09-30,AAL,1806121000
2018-09-30,AAPL,56994561000
2018-09-30,AXP,16145025000
2018-09-30,AXTA,707538000
2018-09-30,BAC,25843745000
2018-09-30,BK,3969546000
2018-09-30,CHTR,2392280000
2018-09-30,COST,1017820000
2018-09-30,DAL,3789889000
2018-09-30,DVA,2762452000
2018-09-30,GL,550804000
2018-09-30,GM,1766376000
2018-09-30,GS,4115619000
2018-09-30,JNJ,45195000
2018-09-30,JPM,4024412000
2018-09-30,KHC,17945735000
2018-09-30,KO,18476000000
2018-09-30,LBTYA,572553000
2018-09-30,LBTYK,206891000
2018-09-30,LILA,56578000
2018-09-30,LILAK,26489000
2018-09-30,LSXMA,645535000
2018-09-30,LSXMK,1350903000
2018-09-30,LUV,3500160000
2018-09-30,MA,1098526000
2018-09-30,MCO,4124787000
2018-09-30,MDLZ,24831000
2018-09-30,MTB,885561000
2018-09-30,ORCL,2134832000
2018-09-30,PG,26251000
2018-09-30,PNC,829032000
2018-09-30,PSX,1739611000
2018-09-30,QSR,500218000
2018-09-30,SIRI,871627000
2018-09-30,STOR,517496000
2018-09-30,SYF,646557000
2018-09-30,TEVA,931589000
2018-09-30,TRV,459652000
2018-09-30,UAL,2314183000
2018-09-30,UPS,6935000
2018-09-30,USB,6597189000
2018-09-30,USG,1689178000
2018-09-30,V,1585320000
2018-09-30,VRSN,2073994000
2018-09-30,VZ,50000
2018-09-30,WFC,23250531000
2018-12-31,AAL,1403208000
2018-12-31,AAPL,39370221000
2018-12-31,AXP,14451533000
2018-12-31,AXTA,568263000
2018-12-31,BAC,22081569000
2018-12-31,BK,3809716000
2018-12-31,CHTR,2004336000
2018-12-31,COST,882749000
2018-12-31,DAL,3270197000
2018-12-31,DVA,1984584000
2018-12-31,GL,473544000
2018-12-31,GM,2417421000
2018-12-31,GS,3065974000
2018-12-31,JNJ,42212000
2018-12-31,JPM,4892364000
2018-12-31,KHC,14015323000
2018-12-31,KO,18939999000
2018-12-31,LBTYA,422340000
2018-12-31,LBTYK,151641000
2018-12-31,LILA,39311000
2018-12-31,LILAK,18708000
2018-12-31,LSXMA,546862000
2018-12-31,LSXMK,1149744000
2018-12-31,LUV,2549307000
2018-12-31,MA,930942000
2018-12-31,MCO,3454756000
2018-12-31,MDLZ,23137000
2018-12-31,MTB,770331000
2018-12-31,PG,28992000
2018-12-31,PNC,966034000
2018-12-31,PSX,1024826000
2018-12-31,QSR,441319000
2018-12-31,RHT,733436000
2018-12-31,SIRI,787499000
2018-12-31,STOR,527180000
2018-12-31,SYF,488038000
2018-12-31,TEVA,666905000
2018-12-31,TRV,713517000
2018-12-31,UAL,1836922000
2018-12-31,UPS,5793000
2018-12-31,USB,5909415000
2018-12-31,USG,1663826000
2018-12-31,V,1393611000
2018-12-31,VRSN,1920763000
2018-12-31,VZ,52000
2018-12-31,WFC,19665511000
2019-03-31,AAL,1387912000
2019-03-31,AAPL,47409494000
2019-03-31,AMZN,860637000
2019-03-31,AXP,16571049000
2019-03-31,AXTA,611696000
2019-03-31,BAC,24725263000
2019-03-31,BK,4081666000
2019-03-31,CHTR,1981103000
2019-03-31,COST,1049281000
2019-03-31,DAL,3662525000
2019-03-31,DVA,2093725000
2019-03-31,GL,520688000
2019-03-31,GM,2681205000
2019-03-31,GS,3523714000
2019-03-31,JNJ,45725000
2019-03-31,JPM,6024697000
2019-03-31,KHC,10631977000
2019-03-31,KO,18744001000
2019-03-31,LBTYA,493192000
2019-03-31,LBTYK,177870000
2019-03-31,LILA,52505000
2019-03-31,LILAK,24974000
2019-03-31,LSXMA,567369000
2019-03-31,LSXMK,1188920000
2019-03-31,LUV,2784931000
2019-03-31,MA,1161888000
2019-03-31,MCO,4467450000
2019-03-31,MDLZ,28854000
2019-03-31,MTB,845088000
2019-03-31,PG,32817000
2019-03-31,PNC,1063591000
2019-03-31,PSX,528452000
2019-03-31,QSR,549413000
2019-03-31,RHT,933683000
2019-03-31,SIRI,781982000
2019-03-31,STOR,623826000
2019-03-31,SYF,663616000
2019-03-31,TEVA,678149000
2019-03-31,TRV,817253000
2019-03-31,UAL,1750265000
2019-03-31,UPS,6637000
2019-03-31,USB,6231393000
2019-03-31,USG,1688787000
2019-03-31,V,1649750000
2019-03-31,VRSN,2351700000
2019-03-31,WFC,19801718000
2019-06-30,AAL,1425057000
2019-06-30,AAPL,49398720000
2019-06-30,AMZN,1017447000
2019-06-30,AXP,18714825000
2019-06-30,AXTA,722339000
2019-06-30,BAC,26890210000
2019-06-30,BK,3573379000
2019-06-30,CHTR,2144487000
2019-06-30,COST,1145135000
2019-06-30,DAL,4024169000
2019-06-30,DVA,2169698000
2019-06-30,GL,568405000
2019-06-30,GM,2784551000
2019-06-30,GS,3755154000
2019-06-30,JNJ,45558000
2019-06-30,JPM,6653769000
2019-06-30,KHC,10107705000
2019-06-30,KO,20368000000
2019-06-30,LBTYA,534159000
2019-06-30,LBTYK,194915000
2019-06-30,LILA,46777000
2019-06-30,LILAK,22072000
2019-06-30,LSXMA,561871000
2019-06-30,LSXMK,1180836000
2019-06-30,LUV,2724307000
2019-06-30,MA,1305391000
2019-06-30,MCO,4818254000
2019-06-30,MDLZ,31154000
2019-06-30,MTB,915324000
2019-06-30,PG,34584000
2019-06-30,PNC,1190362000
2019-06-30,PSX,519401000
2019-06-30,QSR,586794000
2019-06-30,RHT,971074000
2019-06-30,SIRI,769570000
2019-06-30,STOR,618053000
2019-06-30,SYF,721240000
2019-06-30,TEVA,399191000
2019-06-30,TRV,890899000
2019-06-30,UAL,1920728000
2019-06-30,UPS,6134000
2019-06-30,USB,6940884000
2019-06-30,V,1833115000
2019-06-30,VRSN,2709196000
2019-06-30,WFC,19391913000
2019-09-30,AAL,1178589000
2019-09-30,AAPL,55732400000
2019-09-30,AMZN,932705000
2019-09-30,AXP,17932512000
2019-09-30,AXTA,731560000
2019-09-30,BAC,27047843000
2019-09-30,BK,3659172000
2019-09-30,CHTR,2236414000
2019-09-30,COST,1248485000
2019-09-30,DAL,4084442000
2019-09-30,DVA,2200937000
2019-09-30,GL,608433000
2019-09-30,GM,2708669000
2019-09-30,GS,3803424000
2019-09-30,JNJ,42320000
2019-09-30,JPM,7004312000
2019-09-30,KHC,9096609000
2019-09-30,KO,21776000000
2019-09-30,LBTYA,489827000
2019-09-30,LBTYK,174784000
2019-09-30,LILA,46343000
2019-09-30,LILAK,21950000
2019-09-30,LSXMA,617744000
2019-09-30,LSXMK,1304578000
2019-09-30,LUV,2897595000
2019-09-30,MA,1340132000
2019-09-30,MCO,5053111000
2019-09-30,MDLZ,31975000
2019-09-30,MTB,850202000
2019-09-30,OXY,332079000
2019-09-30,PG,39229000
2019-09-30,PNC,1215335000
2019-09-30,PSX,530702000
2019-09-30,QSR,600295000
2019-09-30,RH,206336000
2019-09-30,SIRI,852404000
2019-09-30,STOR,696637000
2019-09-30,SYF,709175000
2019-09-30,TEVA,297555000
2019-09-30,TRV,885953000
2019-09-30,UAL,1939595000
2019-09-30,UPS,7117000
2019-09-30,USB,7330315000
2019-09-30,V,1816849000
2019-09-30,VRSN,2443276000
2019-09-30,WFC,19084935000
2019-12-31,AAL,1218900000
2019-12-31,AAPL,71989933000
2019-12-31,AMZN,992844000
2019-12-31,AXP,18874016000
2019-12-31,AXTA,737626000
2019-12-31,BAC,32578803000
2019-12-31,BIIB,192414000
2019-12-31,BK,4014575000
2019-12-31,CHTR,2632339000
2019-12-31,COST,1273662000
2019-12-31,DAL,4146844000
2019-12-31,DVA,2893575000
2019-12-31,GL,668730000
2019-12-31,GM,2745000000
2019-12-31,GS,2760252000
2019-12-31,JNJ,47714000
2019-12-31,JPM,8296382000
2019-12-31,KHC,10462647000
2019-12-31,KO,22140000000
2019-12-31,KR,549073000
2019-12-31,LBTYA,450047000
2019-12-31,LBTYK,160127000
2019-12-31,LILA,52397000
2019-12-31,LILAK,24987000
2019-12-31,LSXMA,718350000
2019-12-31,LSXMK,1496721000
2019-12-31,LUV,2895985000
2019-12-31,MA,1473469000
2019-12-31,MCO,5856852000
2019-12-31,MDLZ,31836000
2019-12-31,MTB,913602000
2019-12-31,OXY,780231000
2019-12-31,PG,39393000
2019-12-31,PNC,1384160000
2019-12-31,PSX,25339000
2019-12-31,QSR,538106000
2019-12-31,RH,364732000
2019-12-31,SIRI,974372000
2019-12-31,SPY,12681000
2019-12-31,STOR,693471000
2019-12-31,SYF,749116000
2019-12-31,TEVA,423843000
2019-12-31,TRV,42780000
2019-12-31,UAL,1932575000
2019-12-31,UPS,6953000
2019-12-31,USB,7853532000
2019-12-31,V,1984686000
2019-12-31,VOO,12719000
2019-12-31,VRSN,2495735000
2019-12-31,WFC,17388855000
2020-03-31,AAL,510871000
2020-03-31,AAPL,62340609000
2020-03-31,AMZN,1039786000
2020-03-31,AXP,12979391000
2020-03-31,AXTA,415689000
2020-03-31,BAC,19637932000
2020-03-31,BIIB,203440000
2020-03-31,BK,2686487000
2020-03-31,CHTR,2367684000
2020-03-31,COST,1235572000
2020-03-31,DAL,2050935000
2020-03-31,DVA,2897549000
2020-03-31,GL,457278000
2020-03-31,GM,1551872000
2020-03-31,GS,296841000
2020-03-31,JNJ,42893000
2020-03-31,JPM,5196030000
2020-03-31,KHC,8056205000
2020-03-31,KO,17700001000
2020-03-31,KR,570475000
2020-03-31,LBTYA,318808000
2020-03-31,LBTYK,115421000
2020-03-31,LILA,27676000
2020-03-31,LILAK,13174000
2020-03-31,LSXMA,470925000
2020-03-31,LSXMK,975508000
2020-03-31,LUV,1910218000
2020-03-31,MA,1192040000
2020-03-31,MCO,5217658000
2020-03-31,MDLZ,28946000
2020-03-31,MTB,556665000
2020-03-31,OXY,219245000
2020-03-31,PG,34694000
2020-03-31,PNC,880431000
2020-03-31,QSR,337782000
2020-03-31,RH,171638000
2020-03-31,SIRI,654149000
2020-03-31,SPY,10155000
2020-03-31,STOR,337425000
2020-03-31,SYF,323860000
2020-03-31,TEVA,384248000
2020-03-31,UAL,699073000
2020-03-31,UPS,5549000
2020-03-31,USB,4563233000
2020-03-31,V,1701823000
2020-03-31,VOO,10183000
2020-03-31,VRSN,2307964000
2020-03-31,WFC,9276210000
2020-06-30,AAPL,89432750000
2020-06-30,AMZN,1471279000
2020-06-30,AXP,14433339000
2020-06-30,AXTA,542779000
2020-06-30,BAC,21968954000
2020-06-30,BIIB,172041000
2020-06-30,BK,2796615000
2020-06-30,CHTR,2659074000
2020-06-30,COST,1313919000
2020-06-30,DVA,3014883000
2020-06-30,GL,471636000
2020-06-30,GM,1889429000
2020-06-30,GOLD,563550000
2020-06-30,JNJ,46000000
2020-06-30,JPM,2088925000
2020-06-30,KHC,10384494000
2020-06-30,KO,17871999000
2020-06-30,KR,742672000
2020-06-30,LBTYA,422117000
2020-06-30,LBTYK,158033000
2020-06-30,LILA,25572000
2020-06-30,LILAK,12121000
2020-06-30,LSXMA,512980000
2020-06-30,LSXMK,1488525000
2020-06-30,MA,1349798000
2020-06-30,MCO,6777528000
2020-06-30,MDLZ,29553000
2020-06-30,MTB,471626000
2020-06-30,PG,37712000
2020-06-30,PNC,562935000
2020-06-30,RH,425208000
2020-06-30,SIRI,293500000
2020-06-30,SPY,12149000
2020-06-30,STOR,581325000
2020-06-30,SYF,446036000
2020-06-30,TEVA,527592000
2020-06-30,UPS,6604000
2020-06-30,USB,4858836000
2020-06-30,V,1929278000
2020-06-30,VOO,12187000
2020-06-30,VRSN,2650654000
2020-06-30,WFC,6082118000
2020-09-30,AAPL,109358868000
2020-09-30,ABBV,1862541000
2020-09-30,AMZN,1679217000
2020-09-30,AXP,15198971000
2020-09-30,AXTA,519222000
2020-09-30,BAC,24333323000
2020-09-30,BIIB,182412000
2020-09-30,BK,2484755000
2020-09-30,BMY,1806963000
2020-09-30,CHTR,3254972000
2020-09-30,CVX,3187639000
2020-09-30,DVA,3091586000
2020-09-30,GL,507663000
2020-09-30,GM,2367201000
2020-09-30,GOLD,337320000
2020-09-30,JNJ,48699000
2020-09-30,JPM,93119000
2020-09-30,KHC,9752763000
2020-09-30,KO,19748000000
2020-09-30,KR,847019000
2020-09-30,LBTYA,378390000
2020-09-30,LBTYK,150870000
2020-09-30,LILA,21704000
2020-09-30,LILAK,11642000
2020-09-30,LSXMA,492918000
2020-09-30,LSXMK,1429330000
2020-09-30,MA,1543664000
2020-09-30,MCO,7150535000
2020-09-30,MDLZ,33206000
2020-09-30,MMC,386138000
2020-09-30,MRK,1858337000
2020-09-30,MTB,268867000
2020-09-30,PFE,136222000
2020-09-30,PG,43837000
2020-09-30,PNC,211008000
2020-09-30,RH,653648000
2020-09-30,SIRI,268000000
2020-09-30,SNOW,1537469000
2020-09-30,SPY,13195000
2020-09-30,STOR,669708000
2020-09-30,SYF,526750000
2020-09-30,TEVA,385531000
2020-09-30,TMUS,275968000
2020-09-30,UPS,9898000
2020-09-30,USB,4730833000
2020-09-30,V,1997192000
2020-09-30,VOO,13229000
2020-09-30,VRSN,2625279000
2020-09-30,VZ,3471109000
2020-09-30,WFC,2994716000
2020-12-31,AAPL,117714016000
2020-12-31,ABBV,2735870000
2020-12-31,AMZN,1736921000
2020-12-31,AXP,18331249000
2020-12-31,AXTA,668641000
2020-12-31,BAC,30616150000
2020-12-31,BIIB,157450000
2020-12-31,BK,3070849000
2020-12-31,BMY,2067833000
2020-12-31,CHTR,3448965000
2020-12-31,CVX,4095738000
2020-12-31,DVA,4237620000
2020-12-31,GL,603350000
2020-12-31,GM,3018899000
2020-12-31,JNJ,51479000
2020-12-31,KHC,11286503000
2020-12-31,KO,21935999000
2020-12-31,KR,1065040000
2020-12-31,LBTYA,436202000
2020-12-31,LBTYK,173756000
2020-12-31,LILA,29280000
2020-12-31,LILAK,14240000
2020-12-31,LSXMA,641819000
2020-12-31,LSXMK,1879993000
2020-12-31,MA,1629344000
2020-12-31,MCO,7160156000
2020-12-31,MDLZ,33796000
2020-12-31,MMC,499336000
2020-12-31,MRK,2347450000
2020-12-31,PG,43885000
2020-12-31,RH,775350000
2020-12-31,SIRI,318500000
2020-12-31,SNOW,1723681000
2020-12-31,SPY,14731000
2020-12-31,STOR,829627000
2020-12-31,SYF,698642000
2020-12-31,TEVA,412916000
2020-12-31,TMUS,706884000
2020-12-31,UPS,10003000
2020-12-31,USB,6109721000
2020-12-31,V,2184557000
2020-12-31,VOO,14779000
2020-12-31,VRSN,2773299000
2020-12-31,VZ,8619594000
2020-12-31,WFC,1582152000
2021-03-31,AAPL,108363609000
2021-03-31,ABBV,2474794000
2021-03-31,AMZN,1650073000
2021-03-31,AON,942564000
2021-03-31,AXP,21443817000
2021-03-31,AXTA,410779000
2021-03-31,BAC,39080793000
2021-03-31,BIIB,179885000
2021-03-31,BK,3421785000
2021-03-31,BMY,1959064000
2021-03-31,CHTR,3216810000
2021-03-31,CVX,2480617000
2021-03-31,DVA,3890020000
2021-03-31,GL,613961000
2021-03-31,GM,3849820000
2021-03-31,JNJ,53759000
2021-03-31,KHC,13025393000
2021-03-31,KO,21083999000
2021-03-31,KR,1837660000
2021-03-31,LBTYA,86213000
2021-03-31,LBTYK,187642000
2021-03-31,LILA,33753000
2021-03-31,LILAK,16667000
2021-03-31,LSXMA,655045000
2021-03-31,LSXMK,1905918000
2021-03-31,MA,1625281000
2021-03-31,MCO,7366643000
2021-03-31,MDLZ,33830000
2021-03-31,MMC,644021000
2021-03-31,MRK,1378553000
2021-03-31,PG,42715000
2021-03-31,RH,1047897000
2021-03-31,SIRI,265882000
2021-03-31,SNOW,1404426000
2021-03-31,SPY,15615000
2021-03-31,STOR,817909000
2021-03-31,TEVA,493789000
2021-03-31,TMUS,656770000
2021-03-31,UPS,10097000
2021-03-31,USB,7172993000
2021-03-31,V,2114645000
2021-03-31,VOO,15665000
2021-03-31,VRSN,2547231000
2021-03-31,VZ,9235649000
2021-03-31,WFC,26374000
2021-06-30,AAPL,121502087000
2021-06-30,ABBV,2312258000
2021-06-30,AMZN,1834637000
2021-06-30,AON,1049589000
2021-06-30,AXP,25050635000
2021-06-30,BAC,41646448000
2021-06-30,BK,3706871000
2021-06-30,BMY,1756983000
2021-06-30,CHTR,3761251000
2021-06-30,CVX,2421999000
2021-06-30,DVA,4346990000
2021-06-30,GL,605193000
2021-06-30,GM,3550200000
2021-06-30,JNJ,53886000
2021-06-30,KHC,13279388000
2021-06-30,KO,21644001000
2021-06-30,KR,2367094000
2021-06-30,LBTYK,50741000
2021-06-30,LILA,36463000
2021-06-30,LILAK,18105000
2021-06-30,LSXMA,692195000
2021-06-30,LSXMK,2004432000
2021-06-30,MA,1666547000
2021-06-30,MCO,8939587000
2021-06-30,MDLZ,36090000
2021-06-30,MMC,590391000
2021-06-30,MRK,712155000
2021-06-30,OGN,46918000
2021-06-30,PG,42557000
2021-06-30,RH,1216746000
2021-06-30,SIRI,285529000
2021-06-30,SNOW,1481116000
2021-06-30,SPY,16866000
2021-06-30,STOR,842568000
2021-06-30,TEVA,423615000
2021-06-30,TMUS,759199000
2021-06-30,UPS,12353000
2021-06-30,USB,7342802000
2021-06-30,V,2335268000
2021-06-30,VOO,16921000
2021-06-30,VRSN,2917987000
2021-06-30,VZ,8898941000
2021-06-30,WFC,30573000
2021-09-30,AAPL,125529681000
2021-09-30,ABBV,1553165000
2021-09-30,AMZN,1751912000
2021-09-30,AON,1256244000
2021-09-30,AXP,25399340000
2021-09-30,BAC,42878771000
2021-09-30,BK,3751012000
2021-09-30,BMY,1304517000
2021-09-30,CHTR,3056207000
2021-09-30,CVX,2911972000
2021-09-30,DVA,4196471000
2021-09-30,FND,98669000
2021-09-30,GL,565672000
2021-09-30,GM,3162600000
2021-09-30,JNJ,52827000
2021-09-30,KHC,11989874000
2021-09-30,KO,20988000000
2021-09-30,KR,2498086000
2021-09-30,LILA,34410000
2021-09-30,LILAK,16846000
2021-09-30,LSXMA,700963000
2021-09-30,LSXMK,2051097000
2021-09-30,MA,1491077000
2021-09-30,MCO,8760485000
2021-09-30,MDLZ,33628000
2021-09-30,MMC,415184000
2021-09-30,PG,44093000
2021-09-30,RH,1195081000
2021-09-30,RPRX,475093000
2021-09-30,SIRI,266319000
2021-09-30,SNOW,1852497000
2021-09-30,SPY,16908000
2021-09-30,STOR,782018000
2021-09-30,TEVA,416768000
2021-09-30,TMUS,669718000
2021-09-30,UPS,10817000
2021-09-30,USB,7514279000
2021-09-30,V,2130038000
2021-09-30,VOO,16959000
2021-09-30,VRSN,2627329000
2021-09-30,VZ,8578115000
2021-09-30,WFC,31329000
2021-12-31,AAPL,157528660000
2021-12-31,ABBV,410744000
2021-12-31,AMZN,1778204000
2021-12-31,AON,1321261000
2021-12-31,ATVI,975205000
2021-12-31,AXP,24803511000
2021-12-31,BAC,44939376000
2021-12-31,BK,4202522000
2021-12-31,BMY,324387000
2021-12-31,CHTR,2496355000
2021-12-31,CVX,4488055000
2021-12-31,DVA,4106232000
2021-12-31,FND,109691000
2021-12-31,FWONK,133989000
2021-12-31,GL,595471000
2021-12-31,GM,3517800000
2021-12-31,JNJ,55957000
2021-12-31,KHC,11690290000
2021-12-31,KO,23684001000
2021-12-31,KR,2779549000
2021-12-31,LILA,30675000
2021-12-31,LILAK,14638000
2021-12-31,LSXMA,1027561000
2021-12-31,LSXMK,2197142000
2021-12-31,MA,1432482000
2021-12-31,MCO,9635522000
2021-12-31,MDLZ,38327000
2021-12-31,MMC,70382000
2021-12-31,PG,51593000
2021-12-31,RH,973561000
2021-12-31,RPRX,344633000
2021-12-31,SNOW,2074971000
2021-12-31,SPY,18713000
2021-12-31,STOR,839882000
2021-12-31,TMUS,607968000
2021-12-31,UPS,12732000
2021-12-31,USB,7100894000
2021-12-31,V,1798143000
2021-12-31,VOO,18773000
2021-12-31,VRSN,3252859000
2021-12-31,VZ,8252525000
2021-12-31,WFC,32389000
2022-03-31,AAPL,155564138000
2022-03-31,ALLY,389990000
2022-03-31,AMZN,1738531000
2022-03-31,AON,1431470000
2022-03-31,ATVI,5152292000
2022-03-31,AXP,28351201000
2022-03-31,BAC,41636348000
2022-03-31,BK,3591100000
2022-03-31,C,2945319000
2022-03-31,CE,1125958000
2022-03-31,CHTR,2088764000
2022-03-31,CVX,25918973000
2022-03-31,DVA,4082770000
2022-03-31,FND,387180000
2022-03-31,FWONK,539336000
2022-03-31,GL,639185000
2022-03-31,GM,2713886000
2022-03-31,HPQ,3792480000
2022-03-31,JNJ,57972000
2022-03-31,KHC,12826755000
2022-03-31,KO,24799999000
2022-03-31,KR,3326615000
2022-03-31,LILA,25518000
2022-03-31,LILAK,12314000
2022-03-31,LSXMA,923692000
2022-03-31,LSXMK,1975915000
2022-03-31,MA,1424748000
2022-03-31,MCK,894504000
2022-03-31,MCO,8323829000
2022-03-31,MDLZ,36287000
2022-03-31,MKL,620034000
2022-03-31,MMC,69005000
2022-03-31,OXY,7737804000
2022-03-31,PARA,2606915000
2022-03-31,PG,48193000
2022-03-31,RH,707615000
2022-03-31,RPRX,58299000
2022-03-31,SNOW,1403507000
2022-03-31,SPY,17795000
2022-03-31,STOR,431283000
2022-03-31,TMUS,672811000
2022-03-31,UPS,12739000
2022-03-31,USB,6719111000
2022-03-31,V,1840128000
2022-03-31,VOO,17852000
2022-03-31,VRSN,2850961000
2022-03-31,VZ,70303000
2022-06-30,AAPL,122337373000
2022-06-30,ALLY,1005300000
2022-06-30,AMZN,1132836000
2022-06-30,AON,1185514000
2022-06-30,ATVI,5325713000
2022-06-30,AXP,21016276000
2022-06-30,BAC,31444432000
2022-06-30,BK,3018027000
2022-06-30,C,2536616000
2022-06-30,CE,1076922000
2022-06-30,CHTR,1793974000
2022-06-30,CVX,23373304000
2022-06-30,DVA,2886202000
2022-06-30,FND,300949000
2022-06-30,FWONK,490143000
2022-06-30,GL,619297000
2022-06-30,GM,1679385000
2022-06-30,HPQ,3424725000
2022-06-30,JNJ,58064000
2022-06-30,KHC,12419712000
2022-06-30,KO,25164000000
2022-06-30,KR,2481858000
2022-06-30,LILA,20520000
2022-06-30,LILAK,10003000
2022-06-30,LSXMA,728285000
2022-06-30,LSXMK,1557660000
2022-06-30,MA,1257708000
2022-06-30,MCK,1043331000
2022-06-30,MCO,6709439000
2022-06-30,MDLZ,35888000
2022-06-30,MKL,604738000
2022-06-30,MMC,62862000
2022-06-30,OXY,9335408000
2022-06-30,PARA,1935448000
2022-06-30,PG,45351000
2022-06-30,RH,460605000
2022-06-30,SNOW,851795000
2022-06-30,SPY,14864000
2022-06-30,STOR,180693000
2022-06-30,TMUS,705259000
2022-06-30,UPS,10843000
2022-06-30,USB,5513432000
2022-06-30,V,1633687000
2022-06-30,VOO,14916000
2022-06-30,VRSN,2144436000
2022-09-30,AAPL,123661679000
2022-09-30,ALLY,834901000
2022-09-30,AMZN,1205258000
2022-09-30,AON,1177556000
2022-09-30,ATVI,4470946000
2022-09-30,AXP,20453800000
2022-09-30,BAC,30505039000
2022-09-30,BK,2396364000
2022-09-30,C,2298341000
2022-09-30,CE,877219000
2022-09-30,CHTR,1161509000
2022-09-30,CVX,23757173000
2022-09-30,DVA,2987630000
2022-09-30,FND,335843000
2022-09-30,FWONK,451764000
2022-09-30,GL,633467000
2022-09-30,GM,1604500000
2022-09-30,HPQ,2603542000
2022-09-30,JEF,12790000
2022-09-30,JNJ,53435000
2022-09-30,KHC,10859921000
2022-09-30,KO,22407999000
2022-09-30,KR,2199260000
2022-09-30,LILA,16285000
2022-09-30,LILAK,7897000
2022-09-30,LPX,296692000
2022-09-30,LSXMA,769307000
2022-09-30,LSXMK,1629386000
2022-09-30,MA,1133563000
2022-09-30,MCK,1087021000
2022-09-30,MCO,5997470000
2022-09-30,MDLZ,31692000
2022-09-30,MKL,506993000
2022-09-30,MMC,60449000
2022-09-30,OXY,11942909000
2022-09-30,PARA,1736763000
2022-09-30,PG,39819000
2022-09-30,RH,580724000
2022-09-30,SNOW,1041069000
2022-09-30,SPY,14073000
2022-09-30,TMUS,703319000
2022-09-30,UPS,9595000
2022-09-30,USB,3136420000
2022-09-30,V,1474044000
2022-09-30,VOO,14117000
2022-09-30,VRSN,2226072000
2022-12-31,AAPL,116305043218
2022-12-31,ALLY,728610001
2022-12-31,AMZN,895944000
2022-12-31,AON,1319415440
2022-12-31,ATVI,4035492091
2022-12-31,AXP,22400480926
2022-12-31,BAC,33454532071
2022-12-31,BK,1141180346
2022-12-31,C,2494696699
2022-12-31,CE,992769110
2022-12-31,CHTR,1298393893
2022-12-31,CVX,29252521137
2022-12-31,DVA,2695256212
2022-12-31,FND,332831400
2022-12-31,FWONK,461648121
2022-12-31,GL,765941790
2022-12-31,GM,1682000000
2022-12-31,HPQ,2807271061
2022-12-31,JEF,14862368
2022-12-31,JNJ,57782215
2022-12-31,KHC,13256593441
2022-12-31,KO,25444000000
2022-12-31,KR,2229000000
2022-12-31,LILA,19809864
2022-12-31,LILAK,9758552
2022-12-31,LPX,417058613
2022-12-31,LSXMA,794363900
2022-12-31,LSXMK,1690740426
2022-12-31,MA,1386277109
2022-12-31,MCK,1071160412
2022-12-31,MCO,6873493546
2022-12-31,MDLZ,38523700
2022-12-31,MKL,616072818
2022-12-31,MMC,67004672
2022-12-31,NU,435973451
2022-12-31,OXY,12242210434
2022-12-31,PARA,1580595750
2022-12-31,PG,47802024
2022-12-31,RH,630568400
2022-12-31,SNOW,879236471
2022-12-31,SPY,15067742
2022-12-31,STNE,100965029
2022-12-31,TMUS,733880000
2022-12-31,TSM,617725010
2022-12-31,UPS,10326096
2022-12-31,USB,290915115
2022-12-31,V,1723880290
2022-12-31,VOO,15107620
2022-12-31,VRSN,2632839535
2023-03-31,AAPL,150975906991
2023-03-31,ALLY,739210001
2023-03-31,AMZN,1089812790
2023-03-31,AON,1366782150
2023-03-31,ATVI,4231550856
2023-03-31,AXP,25008184965
2023-03-31,BAC,29539567372
2023-03-31,C,2590428532
2023-03-31,CE,960302652
2023-03-31,CHTR,1369267591
2023-03-31,COF,954099520
2023-03-31,CVX,21603623200
2023-03-31,DEO,41263745
2023-03-31,DVA,2927711683
2023-03-31,FND,469491600
2023-03-31,FWONK,577871009
2023-03-31,GL,699037045
2023-03-31,GM,1467200000
2023-03-31,HPQ,3549965209
2023-03-31,JEF,13761131
2023-03-31,JNJ,50700500
2023-03-31,KHC,12592298412
2023-03-31,KO,24812000000
2023-03-31,KR,2468499999
2023-03-31,LILA,21861881
2023-03-31,LILAK,10606005
2023-03-31,LPX,381904517
2023-03-31,LSXMA,567633731
2023-03-31,LSXMK,1209400065
2023-03-31,MA,1448787750
2023-03-31,MCK,815306077
2023-03-31,MCO,7549445464
2023-03-31,MDLZ,40298160
2023-03-31,MKL,602504481
2023-03-31,MMC,67437927
2023-03-31,NU,509885412
2023-03-31,OXY,13216875439
2023-03-31,PARA,2091138052
2023-03-31,PG,46896826
2023-03-31,SNOW,945084263
2023-03-31,SPY,16129966
2023-03-31,STNE,102034574
2023-03-31,TMUS,759251280
2023-03-31,UPS,11523006
2023-03-31,V,1870745332
2023-03-31,VOO,16171010
2023-03-31,VRSN,2708323496
2023-03-31,VTS,971025
2023-06-30,AAPL,177591247296
2023-06-30,ALLY,783290001
2023-06-30,AMZN,1375428360
2023-06-30,AON,1496442000
2023-06-30,ATVI,1235679601
2023-06-30,AXP,26410583940
2023-06-30,BAC,29632524052
2023-06-30,C,2543470454
2023-06-30,CE,620518352
2023-06-30,CHTR,1406638055
2023-06-30,COF,1363956551
2023-06-30,CVX,19372950883
2023-06-30,DEO,39510070
2023-06-30,DHI,726454496
2023-06-30,DVA,3626521918
2023-06-30,FND,496928800
2023-06-30,FWONK,581346111
2023-06-30,GL,275757222
2023-06-30,GM,848320000
2023-06-30,HPQ,3714461041
2023-06-30,JEF,14381119
2023-06-30,JNJ,54141592
2023-06-30,KHC,11560036039
2023-06-30,KO,24088000000
2023-06-30,KR,2350000000
2023-06-30,LEN.B,17237585
2023-06-30,LILA,23019430
2023-06-30,LILAK,11068252
2023-06-30,LPX,528227277
2023-06-30,LSXMA,663013981
2023-06-30,LSXMK,1414207364
2023-06-30,MA,1567948658
2023-06-30,MCO,8578175206
2023-06-30,MDLZ,42159320
2023-06-30,MKL,652392063
2023-06-30,NU,845167206
2023-06-30,NVR,70568089
2023-06-30,OXY,13178796490
2023-06-30,PARA,1491259813
2023-06-30,PG,47858796
2023-06-30,SNOW,1077943668
2023-06-30,SPY,17465232
2023-06-30,STNE,136260008
2023-06-30,TMUS,728113800
2023-06-30,UPS,10647450
2023-06-30,V,1970480801
2023-06-30,VOO,17513040
2023-06-30,VRSN,2895944070
2023-09-30,AAPL,156753093002
2023-09-30,ALLY,773720000
2023-09-30,AMZN,1271200000
2023-09-30,AON,1329302000
2023-09-30,AXP,22618800333
2023-09-30,BAC,28279487924
2023-09-30,BATRK,7990835
2023-09-30,C,2272218501
2023-09-30,CB,1695320075
2023-09-30,CHTR,1684044831
2023-09-30,COF,1210313462
2023-09-30,CVX,18590066491
2023-09-30,DEO,33975745
2023-09-30,DHI,641565163
2023-09-30,DVA,3412114232
2023-09-30,FND,432590000
2023-09-30,FWONK,481108697
2023-09-30,GL,90356152
2023-09-30,HPQ,2634739200
2023-09-30,JEF,15881230
2023-09-30,KHC,10954355278
2023-09-30,KO,22392000000
2023-09-30,KR,2237500000
2023-09-30,LEN.B,15597436
2023-09-30,LILA,21467263
2023-09-30,LILAK,10477603
2023-09-30,LLYVA,161257223
2023-09-30,LLYVK,357356140
2023-09-30,LPX,389372120
2023-09-30,LSXMA,514285456
2023-09-30,LSXMK,1100083089
2023-09-30,MA,1578353810
2023-09-30,MCO,7799843711
2023-09-30,MKL,233706251
2023-09-30,NU,776611184
2023-09-30,NVR,66264190
2023-09-30,OXY,14541501977
2023-09-30,PARA,1209129578
2023-09-30,SIRI,43768172
2023-09-30,SNOW,935773692
2023-09-30,SPY,16842712
2023-09-30,STNE,114120430
2023-09-30,TMUS,734142100
2023-09-30,V,1908498775
2023-09-30,VOO,16886100
2023-09-30,VRSN,2595546101
2023-12-31,AAPL,174347466800
2023-12-31,ALLY,1012680000
2023-12-31,AMZN,1519400000
2023-12-31,AON,1193182000
2023-12-31,AXP,28402748537
2023-12-31,BAC,34776127042
2023-12-31,BATRK,8851870
2023-12-31,C,2841792358
2023-12-31,CB,4542600000
2023-12-31,CHTR,1488232788
2023-12-31,COF,1635201454
2023-12-31,CVX,18808080506
2023-12-31,DEO,33174065
2023-12-31,DVA,3781371913
2023-12-31,FND,533256800
2023-12-31,FWONK,487518332
2023-12-31,HPQ,687638195
2023-12-31,JEF,17520079
2023-12-31,KHC,12041975570
2023-12-31,KO,23572000000
2023-12-31,KR,2285500000
2023-12-31,LEN.B,20452277
2023-12-31,LILA,19231089
2023-12-31,LILAK,9424707
2023-12-31,LLYVA,184647602
2023-12-31,LLYVK,416247540
2023-12-31,LPX,498990904
2023-12-31,LSXMA,580768723
2023-12-31,LSXMK,1243534615
2023-12-31,MA,1700345238
2023-12-31,MCO,9635028496
2023-12-31,NU,892299471
2023-12-31,NVR,77789000
2023-12-31,OXY,14552270657
2023-12-31,PARA,936539643
2023-12-31,SIRI,220129527
2023-12-31,SNOW,1218949824
2023-12-31,SPY,18727214
2023-12-31,TMUS,840449860
2023-12-31,V,2160243711
2023-12-31,VOO,18782400
2023-12-31,VRSN,2639503654
2024-03-31,AAPL,135360901805
2024-03-31,ALLY,1177110000
2024-03-31,AMZN,1803800000
2024-03-31,AON,1368252000
2024-03-31,AXP,34520240283
2024-03-31,BAC,39165748068
2024-03-31,BATRK,8735574
2024-03-31,C,3493680962
2024-03-31,CB,6717644659
2024-03-31,CHTR,1112805123
2024-03-31,COF,1856811657
2024-03-31,CVX,19398897853
2024-03-31,DEO,33875535
2024-03-31,DVA,4982993438
2024-03-31,FND,619583600
2024-03-31,FWONK,506592786
2024-03-31,JEF,19119908
2024-03-31,KHC,12015924784
2024-03-31,KO,24472000000
2024-03-31,KR,2856500000
2024-03-31,LEN.B,23523551
2024-03-31,LILA,18336620
2024-03-31,LILAK,8975300
2024-03-31,LLYVA,213948727
2024-03-31,LLYVK,487830094
2024-03-31,LPX,553633733
2024-03-31,LSXMA,972842033
2024-03-31,LSXMK,1945597617
2024-03-31,MA,1919850077
2024-03-31,MCO,9695962848
2024-03-31,NU,1277927093
2024-03-31,NVR,90006756
2024-03-31,OXY,16118698139
2024-03-31,PARA,88648874
2024-03-31,SIRI,142325819
2024-03-31,SNOW,989860762
2024-03-31,SPY,20608958
2024-03-31,TMUS,855599240
2024-03-31,V,2315655137
2024-03-31,VOO,20670100
2024-03-31,VRSN,2428686819
2024-06-30,AAPL,84248000000
2024-06-30,ALLY,1150430000
2024-06-30,AMZN,1932500000
2024-06-30,AON,1203678000
2024-06-30,AXP,35105457585
2024-06-30,BAC,41076524279
2024-06-30,BATRK,8820558
2024-06-30,C,3505834818
2024-06-30,CB,6895777623
2024-06-30,CHTR,1144700201
2024-06-30,COF,1359447750
2024-06-30,CVX,18553059728
2024-06-30,DEO,28714720
2024-06-30,DVA,5001763135
2024-06-30,FND,395440057
2024-06-30,FWONK,554780880
2024-06-30,HEI.A,185373840
2024-06-30,JEF,21573846
2024-06-30,KHC,10491953836
2024-06-30,KO,25460000000
2024-06-30,KR,2496500001
2024-06-30,LEN.B,21273114
2024-06-30,LILA,25281911
2024-06-30,LILAK,12352272
2024-06-30,LLYVA,187046916
2024-06-30,LLYVK,417818885
2024-06-30,LPX,491081408
2024-06-30,LSXMA,779286152
2024-06-30,LSXMK,1551264198
2024-06-30,MA,1758749632
2024-06-30,MCO,10384249654
2024-06-30,NU,1380761126
2024-06-30,NVR,84324079
2024-06-30,OXY,16090394458
2024-06-30,SIRI,376045343
2024-06-30,SPY,21442268
2024-06-30,TMUS,823112960
2024-06-30,ULTA,266291202
2024-06-30,V,2177834326
2024-06-30,VOO,21505590
2024-06-30,VRSN,2278615992
2024-09-30,AAPL,69900000000
2024-09-30,ALLY,1032110000
2024-09-30,AMZN,1863300000
2024-09-30,AON,1418559000
2024-09-30,AXP,41116821840
2024-09-30,BAC,31652073622
2024-09-30,BATRK,8901072
2024-09-30,C,3458324292
2024-09-30,CB,7796272968
2024-09-30,CHTR,914514546
2024-09-30,COF,1362543000
2024-09-30,CVX,17467773342
2024-09-30,DEO,31962435
2024-09-30,DPZ,549398896
2024-09-30,DVA,5917146790
2024-09-30,FWONK,597949381
2024-09-30,HEI.A,213884223
2024-09-30,JEF,26685495
2024-09-30,KHC,11433038460
2024-09-30,KO,28744000000
2024-09-30,KR,2865000000
2024-09-30,LEN.B,26385802
2024-09-30,LILA,25202987
2024-09-30,LILAK,12185350
2024-09-30,LLYVA,246885972
2024-09-30,LLYVK,560403539
2024-09-30,LPX,640976656
2024-09-30,MA,1968606782
2024-09-30,MCO,11708029942
2024-09-30,NU,1179892309
2024-09-30,NVR,109028722
2024-09-30,OXY,13157209747
2024-09-30,POOL,152248678
2024-09-30,SIRI,2486916437
2024-09-30,SPY,22606144
2024-09-30,TMUS,964113920
2024-09-30,ULTA,9417871
2024-09-30,V,2281386627
2024-09-30,VOO,22689810
2024-09-30,VRSN,2434453846
2024-12-31,AAPL,75126000000
2024-12-31,ALLY,1044290001
2024-12-31,AMZN,2193900000
2024-12-31,AON,1472556000
2024-12-31,AXP,44996539653
2024-12-31,BAC,29896266149
2024-12-31,BATRK,8556657
2024-12-31,C,1030474546
2024-12-31,CB,7469434519
2024-12-31,CHTR,682715232
2024-12-31,COF,1328484000
2024-12-31,CVX,17179549745
2024-12-31,DEO,28953858
2024-12-31,DPZ,999868320
2024-12-31,DVA,5398092493
2024-12-31,FWONK,630214018
2024-12-31,HEI.A,195325757
2024-12-31,JEF,33990947
2024-12-31,KHC,10000245261
2024-12-31,KO,24904000000
2024-12-31,KR,3057500001
2024-12-31,LEN.B,20162390
2024-12-31,LILA,16731838
2024-12-31,LILAK,8140687
2024-12-31,LLYVA,331907297
2024-12-31,LLYVK,743056007
2024-12-31,LPX,586589315
2024-12-31,MA,2099249237
2024-12-31,MCO,11677932812
2024-12-31,NU,416266540
2024-12-31,NVR,90883937
2024-12-31,OXY,13053055436
2024-12-31,POOL,204117028
2024-12-31,SIRI,2678283465
2024-12-31,STZ,1242975604
2024-12-31,TMUS,960175500
2024-12-31,V,2622329258
2024-12-31,VRSN,2746660741
