filedFor,cik,ticker,no_shares,value,industry
2002-03-31,104889,GHC,1727765,1048805000,Consumer Defensive
2002-03-31,105598,WFC,53265080,2631295000,Financial Services
2002-03-31,105729,WSC1,5703087,1782785000,Unknown
2002-03-31,1059556,DUT,24000000,986400000,Unknown
2002-03-31,109261,ZNT,816655,23846000,Unknown
2002-03-31,12659,HRB,15999200,711164000,Consumer Cyclical
2002-03-31,21344,KO,200000000,10452001000,Consumer Defensive
2002-03-31,29905,DOV,2165100,88769000,Industrials
2002-03-31,320187,NKE,4930700,296416000,Consumer Cyclical
2002-03-31,320335,GL,2073462,83541000,Financial Services
2002-03-31,352363,KATE,334200,9478000,Unknown
2002-03-31,36270,MTB,6708760,539183000,Financial Services
2002-03-31,39899,TGNA,3636800,276760000,Communication Services
2002-03-31,40211,GATX,7340700,233434000,Industrials
2002-03-31,41499,G1,96000000,3264960000,Unknown
2002-03-31,43362,GLK1,6948700,195745000,Unknown
2002-03-31,750556,STI1,5806300,387455000,Unknown
2002-03-31,757011,USG1,6500000,45500000,Unknown
2002-03-31,874691,OSI2,1867500,66800000,Unknown
2002-03-31,922812,AXP,151610700,6209973000,Financial Services
2002-03-31,932872,SJR/BEUR,22000000,395560000,Unknown
2002-06-30,104889,GHC,1727765,941632000,Consumer Defensive
2002-06-30,105598,WFC,53265080,2666450000,Financial Services
2002-06-30,105729,WSC1,5703087,1720051000,Unknown
2002-06-30,1059556,DUT,24000000,1194000000,Unknown
2002-06-30,109261,ZNT,451355,14376000,Unknown
2002-06-30,12659,HRB,15999200,738363000,Consumer Cyclical
2002-06-30,21344,KO,200000000,11200001000,Consumer Defensive
2002-06-30,29905,DOV,2165100,75778000,Industrials
2002-06-30,320187,NKE,4405700,236366000,Consumer Cyclical
2002-06-30,320335,GL,2073462,79207000,Financial Services
2002-06-30,36270,MTB,6708760,575343000,Financial Services
2002-06-30,39899,TGNA,3636800,276033000,Communication Services
2002-06-30,40211,GATX,7340700,220955000,Industrials
2002-06-30,41499,G1,96000000,3251520000,Unknown
2002-06-30,43362,GLK1,6948700,184071000,Unknown
2002-06-30,750556,STI1,5806300,393202000,Unknown
2002-06-30,757011,USG1,6500000,46475000,Unknown
2002-06-30,874691,OSI2,1867500,65549000,Unknown
2002-06-30,922812,AXP,151610700,5506501000,Financial Services
2002-06-30,932872,SJR/BEUR,22000000,246400000,Unknown
2002-09-30,1012100,SEE 2 04/01/18 A,679500,15499000,Unknown
2002-09-30,1020882,IRM,6671200,166723000,Real Estate
2002-09-30,104889,GHC,1727765,1121319000,Consumer Defensive
2002-09-30,105598,WFC,53265080,2565246000,Financial Services
2002-09-30,105729,WSC1,5703087,1753699000,Unknown
2002-09-30,1059556,DNB1,1289100,43327000,Unknown
2002-09-30,1059556,DUT,24000000,1164000000,Unknown
2002-09-30,109261,ZNT,451355,11925000,Unknown
2002-09-30,12659,HRB,15999200,672126000,Consumer Cyclical
2002-09-30,1393231,COST,5606409,181479000,Consumer Defensive
2002-09-30,21344,KO,200000000,9592000000,Consumer Defensive
2002-09-30,29905,DOV,2479200,62922000,Industrials
2002-09-30,29989,OMC,500000,27840000,Communication Services
2002-09-30,320187,NKE,6000000,259080000,Consumer Cyclical
2002-09-30,320335,GL,2073462,71037000,Financial Services
2002-09-30,36270,MTB,6708760,528717000,Financial Services
2002-09-30,39899,TGNA,3636800,262504000,Communication Services
2002-09-30,39911,GAP,20000000,217000000,Consumer Cyclical
2002-09-30,40211,GATX,7340700,145346000,Industrials
2002-09-30,41499,G1,96000000,2841600000,Unknown
2002-09-30,43362,GLK1,6948700,166908000,Unknown
2002-09-30,750556,STI1,5806300,356972000,Unknown
2002-09-30,757011,USG1,6500000,26000000,Unknown
2002-09-30,836102,TT2,3232000,205620000,Unknown
2002-09-30,874016,JNY,3211300,98587000,Unknown
2002-09-30,874691,OSI2,1867500,51319000,Unknown
2002-09-30,88204,SEE,2492800,42103000,Consumer Cyclical
2002-09-30,89439,MLI,2480900,64255000,Industrials
2002-09-30,922812,AXP,151610700,4727222000,Financial Services
2002-09-30,932872,SJR/BEUR,22000000,183040000,Unknown
2002-12-31,1012100,SEE 2 04/01/18 A,704500,30012000,Unknown
2002-12-31,1020882,IRM,8000000,264080000,Real Estate
2002-12-31,104889,GHC,1727765,1275091000,Consumer Defensive
2002-12-31,105598,WFC,53265080,2496535000,Financial Services
2002-12-31,105729,WSC1,5703087,1767672000,Unknown
2002-12-31,1059556,DNB1,1067900,36832000,Unknown
2002-12-31,1059556,DUT,24000000,990960000,Unknown
2002-12-31,109261,ZNT,451355,10592000,Unknown
2002-12-31,1179484,CDCO,1452549,113299000,Unknown
2002-12-31,12659,HRB,15999200,643168000,Consumer Cyclical
2002-12-31,1393231,COST,5254000,147427000,Consumer Defensive
2002-12-31,21344,KO,200000000,8768001000,Consumer Defensive
2002-12-31,29905,DOV,4000000,116640000,Industrials
2002-12-31,320187,NKE,6000000,266820000,Consumer Cyclical
2002-12-31,320335,GL,1938179,70802000,Financial Services
2002-12-31,36270,MTB,6708760,532341000,Financial Services
2002-12-31,39899,TGNA,3636800,261122000,Communication Services
2002-12-31,39911,GAP,20000000,310400000,Consumer Cyclical
2002-12-31,40211,GATX,7340700,167515000,Industrials
2002-12-31,41499,G1,96000000,2914560000,Unknown
2002-12-31,43362,GLK1,6948700,165935000,Unknown
2002-12-31,713676,PNC,715000,29959000,Financial Services
2002-12-31,750556,STI1,5806300,330494000,Unknown
2002-12-31,757011,USG1,6500000,54925000,Unknown
2002-12-31,764478,BBY,542800,13109000,Consumer Cyclical
2002-12-31,836102,TT2,3232000,229924000,Unknown
2002-12-31,874016,JNY,894200,31690000,Unknown
2002-12-31,874691,OSI2,1867500,64317000,Unknown
2002-12-31,88204,SEE,2492800,92981000,Consumer Cyclical
2002-12-31,89439,MLI,2480900,67605000,Industrials
2002-12-31,922812,AXP,151610700,5359437000,Financial Services
2002-12-31,932872,SJR/BEUR,22000000,226160000,Unknown
2003-03-31,1012100,SEE 2 04/01/18 A,704500,32393000,Unknown
2003-03-31,104889,GHC,1727765,1177230000,Consumer Defensive
2003-03-31,105598,WFC,53265080,2396396000,Financial Services
2003-03-31,105729,WSC1,5703087,1699520000,Unknown
2003-03-31,1059556,DNB1,680000,26010000,Unknown
2003-03-31,1059556,DUT,24000000,1109520000,Unknown
2003-03-31,109261,ZNT,451355,9660000,Unknown
2003-03-31,1108329,PC6A,718800,14994000,Unknown
2003-03-31,1179484,CDCO,1468573,197743000,Unknown
2003-03-31,1195454,WTEL,1590696,20043000,Unknown
2003-03-31,12659,HRB,15999200,683006000,Consumer Cyclical
2003-03-31,1393231,COST,5254000,157778000,Consumer Defensive
2003-03-31,21344,KO,200000000,8096000000,Consumer Defensive
2003-03-31,29905,DOV,4500000,108990000,Industrials
2003-03-31,320187,NKE,6000000,308520000,Consumer Cyclical
2003-03-31,320335,GL,1938179,69386000,Financial Services
2003-03-31,36270,MTB,6708760,527175000,Financial Services
2003-03-31,39899,TGNA,3636800,256140000,Communication Services
2003-03-31,39911,GAP,20000000,289800000,Consumer Cyclical
2003-03-31,40211,GATX,7340700,106293000,Industrials
2003-03-31,41499,G1,96000000,2970240000,Unknown
2003-03-31,43362,GLK1,6948700,154261000,Unknown
2003-03-31,750556,STI1,5806300,305702000,Unknown
2003-03-31,757011,USG1,6500000,27040000,Unknown
2003-03-31,794323,LVLT,879000,4536000,Unknown
2003-03-31,836102,TT2,3232000,222264000,Unknown
2003-03-31,874691,OSI2,1867500,66072000,Unknown
2003-03-31,88204,SEE,2492800,100036000,Consumer Cyclical
2003-03-31,89439,MLI,2480900,61948000,Industrials
2003-03-31,922812,AXP,151610700,5038024000,Financial Services
2003-03-31,932872,SJR/BEUR,22000000,231200000,Unknown
2003-06-30,1012100,SEE 2 04/01/18 A,704500,35894000,Unknown
2003-06-30,104889,GHC,1727765,1246278000,Consumer Defensive
2003-06-30,105598,WFC,53603380,2701611000,Financial Services
2003-06-30,105729,WSC1,5703087,1779363000,Unknown
2003-06-30,1059556,DNB1,389700,16017000,Unknown
2003-06-30,1059556,DUT,24000000,1265040000,Unknown
2003-06-30,109261,ZNT,167055,4761000,Unknown
2003-06-30,1108329,PC6A,659000,19902000,Unknown
2003-06-30,1179484,CDCO,1477453,146268000,Unknown
2003-06-30,12659,HRB,15999200,691965000,Consumer Cyclical
2003-06-30,1393231,COST,5254000,192296000,Consumer Defensive
2003-06-30,21344,KO,200000000,9282000000,Consumer Defensive
2003-06-30,29905,DOV,4500000,134820000,Industrials
2003-06-30,320187,NKE,6000000,320940000,Consumer Cyclical
2003-06-30,320335,GL,1938179,72197000,Financial Services
2003-06-30,36270,MTB,6708760,565011000,Financial Services
2003-06-30,39899,TGNA,3636800,279343000,Communication Services
2003-06-30,39911,GAP,20000000,375200000,Consumer Cyclical
2003-06-30,40211,GATX,2228900,36443000,Industrials
2003-06-30,41499,G1,96000000,3058560000,Unknown
2003-06-30,43362,GLK1,4348700,88713000,Unknown
2003-06-30,750556,STI1,5806300,344545000,Unknown
2003-06-30,757011,USG1,6500000,123500000,Unknown
2003-06-30,836102,TT2,3232000,238942000,Unknown
2003-06-30,874691,OSI2,1867500,72832000,Unknown
2003-06-30,88204,SEE,1569600,74807000,Consumer Cyclical
2003-06-30,89439,MLI,2480900,67257000,Industrials
2003-06-30,922812,AXP,151610700,6338843000,Financial Services
2003-06-30,932872,SJR/BEUR,22000000,295900000,Unknown
2003-09-30,1020882,IRM,5018500,180164000,Real Estate
2003-09-30,104889,GHC,1727765,1148964000,Consumer Defensive
2003-09-30,105598,WFC,56448380,2907091000,Financial Services
2003-09-30,105729,WSC1,5703087,1938878000,Unknown
2003-09-30,1059556,DNB1,136000,5649000,Unknown
2003-09-30,1059556,DUT,24000000,1319280000,Unknown
2003-09-30,109261,ZNT,167055,4647000,Unknown
2003-09-30,1108329,PC6A,659000,22110000,Unknown
2003-09-30,1179484,CDCO,1486375,124855000,Unknown
2003-09-30,12659,HRB,15999200,690365000,Consumer Cyclical
2003-09-30,1393231,COST,5254000,163662000,Consumer Defensive
2003-09-30,21344,KO,200000000,8592000000,Consumer Defensive
2003-09-30,29905,DOV,3129300,110683000,Industrials
2003-09-30,30371,DUK,1418800,25269000,Utilities
2003-09-30,311314,HCA,17900700,659820000,Healthcare
2003-09-30,320187,NKE,6000000,364920000,Consumer Cyclical
2003-09-30,320335,GL,1938179,78768000,Financial Services
2003-09-30,36270,MTB,6708760,585675000,Financial Services
2003-09-30,39899,TGNA,3636800,282070000,Communication Services
2003-09-30,39911,GAP,20000000,342400000,Consumer Cyclical
2003-09-30,41499,G1,96000000,3070080000,Unknown
2003-09-30,43362,GLK1,547700,11014000,Unknown
2003-09-30,4962,AXP,8000000,319680000,Financial Services
2003-09-30,750556,STI1,5806300,350526000,Unknown
2003-09-30,757011,USG1,6500000,112060000,Unknown
2003-09-30,794323,LVLT,1644900,8915000,Unknown
2003-09-30,836102,TT2,3232000,272296000,Unknown
2003-09-30,8670,ADP,1649000,59117000,Technology
2003-09-30,874691,OSI2,1867500,70722000,Unknown
2003-09-30,88204,SEE,1123800,53077000,Consumer Cyclical
2003-09-30,89439,MLI,2480900,63139000,Industrials
2003-09-30,922812,AXP,151610700,6831578000,Financial Services
2003-09-30,932872,SJR/BEUR,22000000,267520000,Unknown
2003-12-31,1020882,IRM,5018500,198431000,Real Estate
2003-12-31,104889,GHC,1727765,1367353000,Consumer Defensive
2003-12-31,105598,WFC,56448380,3324246000,Financial Services
2003-12-31,105729,WSC1,5703087,1996080000,Unknown
2003-12-31,1059556,DUT,24000000,1453200000,Unknown
2003-12-31,109261,ZNT,157055,5112000,Unknown
2003-12-31,1108329,PC6A,659000,37596000,Unknown
2003-12-31,1179484,CDCO,1489414,59577000,Unknown
2003-12-31,12659,HRB,14610900,809006000,Consumer Cyclical
2003-12-31,1393231,COST,5254000,195344000,Consumer Defensive
2003-12-31,21344,KO,200000000,10149999000,Consumer Defensive
2003-12-31,29905,DOV,2000000,79500000,Industrials
2003-12-31,311314,HCA,15476500,664870000,Healthcare
2003-12-31,320187,NKE,6000000,410760000,Consumer Cyclical
2003-12-31,320335,GL,1938179,88264000,Financial Services
2003-12-31,36270,MTB,6708760,659471000,Financial Services
2003-12-31,39899,TGNA,3456600,308190000,Communication Services
2003-12-31,39911,GAP,15000000,348150000,Consumer Cyclical
2003-12-31,41499,G1,96000000,3526080000,Unknown
2003-12-31,4962,AXP,8000000,328720000,Financial Services
2003-12-31,744473,CDSCY,10000000,73311000,Unknown
2003-12-31,750556,STI1,5806300,415150000,Unknown
2003-12-31,757011,USG1,6500000,107705000,Unknown
2003-12-31,836102,TT2,3232000,325462000,Unknown
2003-12-31,8670,ADP,1415700,56076000,Technology
2003-12-31,874691,OSI2,1867500,82562000,Unknown
2003-12-31,88204,SEE,1123800,60843000,Consumer Cyclical
2003-12-31,89439,MLI,2446900,84075000,Industrials
2003-12-31,922812,AXP,151610700,7312184000,Financial Services
2003-12-31,932872,SJR/BEUR,22000000,341440000,Unknown
2004-03-31,1020882,IRM,5018500,223976000,Real Estate
2004-03-31,104889,GHC,1727765,1528053000,Consumer Defensive
2004-03-31,105598,WFC,56448380,3198929000,Financial Services
2004-03-31,105729,WSC1,5703087,2207095000,Unknown
2004-03-31,1059556,DUT,24000000,1699200000,Unknown
2004-03-31,109261,ZNT,126855,4973000,Unknown
2004-03-31,1108329,PC6A,659000,33675000,Unknown
2004-03-31,1179484,CDCO,1489430,55109000,Unknown
2004-03-31,12659,HRB,14350600,732311000,Consumer Cyclical
2004-03-31,1393231,COST,5254000,197603000,Consumer Defensive
2004-03-31,21344,KO,200000000,10060001000,Consumer Defensive
2004-03-31,311314,HCA,15476500,628655000,Healthcare
2004-03-31,320187,NKE,6000000,467220000,Consumer Cyclical
2004-03-31,320335,GL,1938179,104253000,Financial Services
2004-03-31,36270,MTB,6708760,602782000,Financial Services
2004-03-31,39899,TGNA,3456600,304664000,Communication Services
2004-03-31,39911,GAP,15000000,328800000,Consumer Cyclical
2004-03-31,41499,G1,96000000,3753600000,Unknown
2004-03-31,4962,AXP,8000000,337280000,Financial Services
2004-03-31,750556,STI1,5806300,404758000,Unknown
2004-03-31,757011,USG1,6500000,113685000,Unknown
2004-03-31,836102,TT2,3232000,367640000,Unknown
2004-03-31,874691,OSI2,1818800,88576000,Unknown
2004-03-31,88204,SEE,1123800,55867000,Consumer Cyclical
2004-03-31,89439,MLI,2446900,83170000,Industrials
2004-03-31,922812,AXP,151610700,7861015000,Financial Services
2004-03-31,932872,SJR/BEUR,22000000,359260000,Unknown
2004-06-30,1017968,EDGW,8000000,141520000,Unknown
2004-06-30,1020882,IRM,5018500,242193000,Real Estate
2004-06-30,104889,GHC,1727765,1606839000,Consumer Defensive
2004-06-30,105598,WFC,56448380,3230541000,Financial Services
2004-06-30,105729,WSC1,5703087,2064517000,Unknown
2004-06-30,1059556,DUT,24000000,1551840000,Unknown
2004-06-30,109261,ZNT,53955,2622000,Unknown
2004-06-30,1108329,PC6A,659000,30511000,Unknown
2004-06-30,1179484,CDCO,1489628,38730000,Unknown
2004-06-30,12659,HRB,14350600,684237000,Consumer Cyclical
2004-06-30,1393231,COST,5254000,216360000,Consumer Defensive
2004-06-30,21344,KO,200000000,10096000000,Consumer Defensive
2004-06-30,311314,HCA,14566100,605804000,Healthcare
2004-06-30,320187,NKE,6000000,454500000,Consumer Cyclical
2004-06-30,320335,GL,1938179,104274000,Financial Services
2004-06-30,36270,MTB,6708760,585675000,Financial Services
2004-06-30,39899,TGNA,3447600,292529000,Communication Services
2004-06-30,39911,GAP,15000000,363750000,Consumer Cyclical
2004-06-30,41499,G1,96000000,4070400000,Unknown
2004-06-30,4962,AXP,8000000,356160000,Financial Services
2004-06-30,750556,STI1,5806300,377351000,Unknown
2004-06-30,757011,USG1,6500000,114270000,Unknown
2004-06-30,836102,TT2,10497900,423170000,Unknown
2004-06-30,874691,OSI2,1818800,75226000,Unknown
2004-06-30,88204,SEE,1113300,59305000,Consumer Cyclical
2004-06-30,89439,MLI,1929800,69087000,Industrials
2004-06-30,922812,AXP,151610700,7789757000,Financial Services
2004-06-30,932872,SJR/BEUR,22000000,369820000,Unknown
2004-09-30,1017968,EDGW,8000000,144640000,Unknown
2004-09-30,1020882,IRM,6935750,234775000,Real Estate
2004-09-30,104889,GHC,1727765,1589544000,Consumer Defensive
2004-09-30,1052045,SVM1,5611600,72165000,Unknown
2004-09-30,105598,WFC,56448380,3366016000,Financial Services
2004-09-30,105729,WSC1,5703087,2004635000,Unknown
2004-09-30,1059556,DUT,24000000,1758000000,Unknown
2004-09-30,1108329,PC6A,659000,35428000,Unknown
2004-09-30,1179484,CDCO,1489628,31654000,Unknown
2004-09-30,12659,HRB,14350600,709207000,Consumer Cyclical
2004-09-30,1393231,COST,5254000,218094000,Consumer Defensive
2004-09-30,21344,KO,200000000,8010000000,Consumer Defensive
2004-09-30,22301,CMCSA,5000000,139600000,Communication Services
2004-09-30,311314,HCA,13500200,515033000,Healthcare
2004-09-30,320187,NKE,6000000,472800000,Consumer Cyclical
2004-09-30,320335,GL,2029379,107922000,Financial Services
2004-09-30,36270,MTB,6708760,642028000,Financial Services
2004-09-30,39899,TGNA,3447600,288771000,Communication Services
2004-09-30,39911,GAP,15000000,279750000,Consumer Cyclical
2004-09-30,41499,G1,96000000,4007040000,Unknown
2004-09-30,4962,AXP,8000000,348000000,Financial Services
2004-09-30,757011,USG1,6500000,118495000,Unknown
2004-09-30,836102,TT2,10497900,408473000,Unknown
2004-09-30,874691,OSI2,1818800,75535000,Unknown
2004-09-30,88204,SEE,1113300,51601000,Consumer Cyclical
2004-09-30,89439,MLI,1361900,58494000,Industrials
2004-09-30,922812,AXP,151610700,7801887000,Financial Services
2004-09-30,932872,SJR/BEUR,22000000,366960000,Unknown
2004-12-31,1017968,EDGW,8000000,157600000,Unknown
2004-12-31,1020882,IRM,5000000,152450000,Real Estate
2004-12-31,104889,GHC,1727765,1698428000,Consumer Defensive
2004-12-31,1052045,SVM1,5611600,77384000,Unknown
2004-12-31,105598,WFC,56448380,3508265000,Financial Services
2004-12-31,105729,WSC1,5703087,2241313000,Unknown
2004-12-31,1059556,DUT,24000000,2084400000,Unknown
2004-12-31,1108329,PC6A,659000,35382000,Unknown
2004-12-31,1179484,CDCO,1509433,33676000,Unknown
2004-12-31,12659,HRB,14350600,703179000,Consumer Cyclical
2004-12-31,1393231,COST,5254000,254346000,Consumer Defensive
2004-12-31,21344,KO,200000000,8328000000,Consumer Defensive
2004-12-31,22301,CMCSA,10000000,328400000,Communication Services
2004-12-31,320187,NKE,2500000,226725000,Consumer Cyclical
2004-12-31,320335,GL,2038979,116506000,Financial Services
2004-12-31,36270,MTB,6708760,723473000,Financial Services
2004-12-31,39899,TGNA,3447600,281668000,Communication Services
2004-12-31,39911,GAP,15434243,325971000,Consumer Cyclical
2004-12-31,41499,G1,96000000,4298880000,Unknown
2004-12-31,4962,AXP,8000000,340320000,Financial Services
2004-12-31,757011,USG1,6500000,261755000,Unknown
2004-12-31,836102,TT2,10497900,433773000,Unknown
2004-12-31,874691,OSI2,1818800,83265000,Unknown
2004-12-31,88204,SEE,1113300,59305000,Consumer Cyclical
2004-12-31,89439,MLI,1361900,43853000,Industrials
2004-12-31,922812,AXP,151610700,8546296000,Financial Services
2004-12-31,931336,DFODQ,375500,12373000,Unknown
2004-12-31,932872,SJR/BEUR,22000000,402380000,Unknown
2005-03-31,1017968,EDGW,8000000,145840000,Unknown
2005-03-31,1020882,IRM,5000000,144200000,Real Estate
2005-03-31,104889,GHC,1727765,1544623000,Consumer Defensive
2005-03-31,1052045,SVM1,5611600,75757000,Unknown
2005-03-31,105598,WFC,56448380,3375614000,Financial Services
2005-03-31,105729,WSC1,5703087,2195574000,Unknown
2005-03-31,1059556,DUT,24000000,1940640000,Unknown
2005-03-31,1108329,PC6A,659000,41662000,Unknown
2005-03-31,1179484,CDCO,1518978,21266000,Unknown
2005-03-31,12659,HRB,13510900,683381000,Consumer Cyclical
2005-03-31,1393231,COST,5254000,232122000,Consumer Defensive
2005-03-31,21344,KO,200000000,8334000000,Consumer Defensive
2005-03-31,22301,CMCSA,10000000,334400000,Communication Services
2005-03-31,320187,NKE,2474600,206159000,Consumer Cyclical
2005-03-31,320335,GL,2074879,108308000,Financial Services
2005-03-31,36270,MTB,6708760,684696000,Financial Services
2005-03-31,39899,TGNA,3447600,272636000,Communication Services
2005-03-31,39911,GAP,15434243,337084000,Consumer Cyclical
2005-03-31,41499,G1,100980000,5097470000,Unknown
2005-03-31,4962,AXP,8000000,314480000,Financial Services
2005-03-31,757011,USG1,6500000,215540000,Unknown
2005-03-31,80424,PG,630000,33390000,Consumer Defensive
2005-03-31,836102,TT2,10497900,487942000,Unknown
2005-03-31,874691,OSI2,1818800,83283000,Unknown
2005-03-31,88204,SEE,1113300,57825000,Consumer Cyclical
2005-03-31,89439,MLI,851800,23978000,Industrials
2005-03-31,922812,AXP,151610700,7788242000,Financial Services
2005-03-31,931336,DFODQ,375500,12880000,Unknown
2005-03-31,932872,SJR/BEUR,22000000,448360000,Unknown
2005-06-30,1017968,EDGW,8000000,113520000,Unknown
2005-06-30,1020882,IRM,5000000,155100000,Real Estate
2005-06-30,104889,GHC,1727765,1442736000,Consumer Defensive
2005-06-30,1052045,SVM1,5611600,75195000,Unknown
2005-06-30,105598,WFC,56448380,3476090000,Financial Services
2005-06-30,105729,WSC1,5703087,2053111000,Unknown
2005-06-30,1059556,DUT,48000000,2158080000,Unknown
2005-06-30,1108329,PC6A,659000,48404000,Unknown
2005-06-30,1179484,CDCO,1518978,22784000,Unknown
2005-06-30,1393231,COST,5254000,235011000,Consumer Defensive
2005-06-30,21344,KO,200000000,8350000000,Consumer Defensive
2005-06-30,22301,CMCSA,10000000,299500000,Communication Services
2005-06-30,320187,NKE,2474600,214300000,Consumer Cyclical
2005-06-30,354950,HD,945000,36760000,Consumer Cyclical
2005-06-30,36270,MTB,6708760,705493000,Financial Services
2005-06-30,39899,TGNA,3447600,245228000,Communication Services
2005-06-30,39911,GAP,15434243,304826000,Consumer Cyclical
2005-06-30,41499,G1,100980000,5112617000,Unknown
2005-06-30,4962,AXP,8625000,346208000,Financial Services
2005-06-30,60667,LOW,390000,22706000,Consumer Cyclical
2005-06-30,745448,LXKEUR,1000000,64830000,Unknown
2005-06-30,750556,STI1,3204600,231500000,Unknown
2005-06-30,757011,USG1,6500000,276250000,Unknown
2005-06-30,80424,PG,630000,33232000,Consumer Defensive
2005-06-30,833444,ADT2,5000000,146000000,Unknown
2005-06-30,836102,TT2,10497900,440072000,Unknown
2005-06-30,874691,OSI2,1818800,82283000,Unknown
2005-06-30,88204,SEE,1113300,55431000,Consumer Cyclical
2005-06-30,89439,MLI,851800,23084000,Industrials
2005-06-30,922812,AXP,151610700,8070237000,Financial Services
2005-06-30,931336,DFODQ,375500,13233000,Unknown
2005-06-30,932872,SJR/BEUR,22000000,456940000,Unknown
2005-09-30,1017968,EDGW,3290000,37078000,Unknown
2005-09-30,1020882,IRM,5000000,183500000,Real Estate
2005-09-30,104889,GHC,1727765,1386531000,Consumer Defensive
2005-09-30,1052045,SVM1,5611600,75981000,Unknown
2005-09-30,105729,WSC1,5703087,1951026000,Unknown
2005-09-30,1059556,DUT,48000000,2451840000,Unknown
2005-09-30,1108329,PC6A,659000,54941000,Unknown
2005-09-30,1179484,CDCO,1518978,26582000,Unknown
2005-09-30,1393231,COST,5254000,226395000,Consumer Defensive
2005-09-30,21344,KO,200000000,8638000000,Consumer Defensive
2005-09-30,22301,CMCSA,11110200,319752000,Communication Services
2005-09-30,320187,NKE,2474600,202125000,Consumer Cyclical
2005-09-30,354950,HD,5000000,190700000,Consumer Cyclical
2005-09-30,36270,MTB,6708760,709183000,Financial Services
2005-09-30,39899,TGNA,3447600,237298000,Communication Services
2005-09-30,39911,GAP,15434243,269019000,Consumer Cyclical
2005-09-30,41499,G1,100980000,5877036000,Unknown
2005-09-30,4962,AXP,8625000,345000000,Financial Services
2005-09-30,60667,LOW,390000,25116000,Consumer Cyclical
2005-09-30,745448,LXKEUR,1000000,61050000,Unknown
2005-09-30,750556,STI1,3204600,222559000,Unknown
2005-09-30,757011,USG1,6500000,446680000,Unknown
2005-09-30,80424,PG,630000,37460000,Consumer Defensive
2005-09-30,820027,A4S,30322137,1085532000,Unknown
2005-09-30,833444,ADT2,10000000,278500000,Unknown
2005-09-30,836102,TT2,10497900,488677000,Unknown
2005-09-30,874691,OSI2,1818800,66568000,Unknown
2005-09-30,88204,SEE,1113300,52837000,Consumer Cyclical
2005-09-30,89439,MLI,851800,23654000,Industrials
2005-09-30,922812,AXP,151610700,7622986000,Financial Services
2005-09-30,932872,SJR/BEUR,7101500,148918000,Unknown
2005-12-31,1017968,EDGW,3290000,28722000,Unknown
2005-12-31,1020882,IRM,3948800,166718000,Real Estate
2005-12-31,104169,WMT,19944300,933393000,Consumer Defensive
2005-12-31,104889,GHC,1727765,1321741000,Consumer Defensive
2005-12-31,1052045,SVM1,5611600,67059000,Unknown
2005-12-31,105598,WFC,85092200,5346342000,Financial Services
2005-12-31,105729,WSC1,5703087,2195688000,Unknown
2005-12-31,1059556,DUT,48000000,2948160000,Unknown
2005-12-31,1108329,PC6A,659000,54012000,Unknown
2005-12-31,1179484,CDCO,1518978,27342000,Unknown
2005-12-31,12659,HRB,18538100,455110000,Consumer Cyclical
2005-12-31,1393231,COST,5254000,259915000,Consumer Defensive
2005-12-31,21344,KO,200000000,8062001000,Consumer Defensive
2005-12-31,22301,CMCSA,11110200,285421000,Communication Services
2005-12-31,310569,BUD1,43854200,1883976000,Unknown
2005-12-31,320187,NKE,2474600,214771000,Consumer Cyclical
2005-12-31,320335,GL,2823879,157008000,Financial Services
2005-12-31,354950,HD,5000000,202400000,Consumer Cyclical
2005-12-31,36270,MTB,6708760,731590000,Financial Services
2005-12-31,39899,TGNA,3447600,208821000,Communication Services
2005-12-31,39911,GAP,10000000,176400000,Consumer Cyclical
2005-12-31,4962,AXP,10000000,430100000,Financial Services
2005-12-31,60667,LOW,390000,25997000,Consumer Cyclical
2005-12-31,745448,LXKEUR,3000000,134490000,Unknown
2005-12-31,750556,STI1,3204600,233167000,Unknown
2005-12-31,757011,USG1,6500000,422500000,Unknown
2005-12-31,80424,PG,100000000,5787999000,Consumer Defensive
2005-12-31,820027,A4S,30322137,1243208000,Unknown
2005-12-31,833444,ADT2,10000000,288600000,Unknown
2005-12-31,836102,TT2,10497900,419391000,Unknown
2005-12-31,874691,OSI2,1818800,75680000,Unknown
2005-12-31,88204,SEE,955600,53676000,Consumer Cyclical
2005-12-31,89439,MLI,784500,21511000,Industrials
2005-12-31,922812,AXP,151610700,7801887000,Financial Services
2006-03-31,1017968,EDGW,3290000,38197000,Unknown
2006-03-31,1020882,IRM,3483300,141910000,Real Estate
2006-03-31,104169,WMT,19944300,942169000,Consumer Defensive
2006-03-31,104889,GHC,1727765,1342042000,Consumer Defensive
2006-03-31,1052045,SVM1,4384400,57523000,Unknown
2006-03-31,105598,WFC,92580600,5913118000,Financial Services
2006-03-31,105729,WSC1,5703087,2275532000,Unknown
2006-03-31,1059556,DUT,48000000,3430080000,Unknown
2006-03-31,1108329,PC6A,659000,69162000,Unknown
2006-03-31,1179484,CDCO,1523446,18875000,Unknown
2006-03-31,12659,HRB,16061100,347723000,Consumer Cyclical
2006-03-31,1393231,COST,5254000,284557000,Consumer Defensive
2006-03-31,21344,KO,200000000,8373998000,Consumer Defensive
2006-03-31,22301,CMCSA,11110200,290198000,Communication Services
2006-03-31,310569,BUD1,43854200,1875644000,Unknown
2006-03-31,320187,NKE,2474600,210588000,Consumer Cyclical
2006-03-31,320335,GL,2823879,161243000,Financial Services
2006-03-31,354950,HD,4181000,176856000,Consumer Cyclical
2006-03-31,36270,MTB,6708760,765737000,Financial Services
2006-03-31,39899,TGNA,3447600,206580000,Communication Services
2006-03-31,39911,GAP,10000000,186800000,Consumer Cyclical
2006-03-31,40545,GE,7777900,270515000,Industrials
2006-03-31,4962,AXP,10000000,468200000,Financial Services
2006-03-31,60667,LOW,390000,25132000,Consumer Cyclical
2006-03-31,745448,LXKEUR,2521100,114408000,Unknown
2006-03-31,750556,STI1,3204600,233167000,Unknown
2006-03-31,757011,USG1,6500000,617240000,Unknown
2006-03-31,78214,COP,17938100,1132791000,Energy
2006-03-31,80424,PG,100000000,5762999000,Consumer Defensive
2006-03-31,809697,UPS,1429200,113450000,Industrials
2006-03-31,820027,A4S,23922137,1077932000,Unknown
2006-03-31,833444,ADT2,10000000,268800000,Unknown
2006-03-31,836102,TT2,11062700,474147000,Unknown
2006-03-31,874691,OSI2,1818800,80027000,Unknown
2006-03-31,88204,SEE,737900,42702000,Consumer Cyclical
2006-03-31,922812,AXP,151610700,7967142000,Financial Services
2006-06-30,1017968,EDGW,3290000,22964000,Unknown
2006-06-30,1020882,IRM,5024700,187823000,Real Estate
2006-06-30,104169,WMT,19944300,960717000,Consumer Defensive
2006-06-30,104889,GHC,1727765,1347674000,Consumer Defensive
2006-06-30,1052045,SVM1,3998000,41299000,Unknown
2006-06-30,105598,WFC,95320800,6394119000,Financial Services
2006-06-30,105729,WSC1,5703087,2172876000,Unknown
2006-06-30,1059556,DUT,48000000,2614080000,Unknown
2006-06-30,1108329,PC6A,659000,71152000,Unknown
2006-06-30,1121404,SNY,488500,23790000,Healthcare
2006-06-30,1179484,CDCO,1523446,21145000,Unknown
2006-06-30,12659,HRB,11386500,271682000,Consumer Cyclical
2006-06-30,1393231,COST,5254000,306161000,Consumer Defensive
2006-06-30,21344,KO,200000000,8604001000,Consumer Defensive
2006-06-30,22301,CMCSA,11110200,364192000,Communication Services
2006-06-30,310569,BUD1,43528052,1984444000,Unknown
2006-06-30,320187,NKE,2474600,200443000,Consumer Cyclical
2006-06-30,320335,GL,2823879,171466000,Financial Services
2006-06-30,354950,HD,4181000,149638000,Consumer Cyclical
2006-06-30,36270,MTB,6708760,791096000,Financial Services
2006-06-30,39899,TGNA,3447600,192824000,Communication Services
2006-06-30,40545,GE,7777900,256360000,Industrials
2006-06-30,4962,AXP,10000000,450400000,Financial Services
2006-06-30,60667,LOW,390000,23661000,Consumer Cyclical
2006-06-30,750556,STI1,3204600,244383000,Unknown
2006-06-30,757011,USG1,6500000,474045000,Unknown
2006-06-30,78214,COP,17938100,1175484000,Energy
2006-06-30,80424,PG,100000000,5560000000,Consumer Defensive
2006-06-30,809697,UPS,1429200,117666000,Industrials
2006-06-30,820027,A4S,23922137,1068602000,Unknown
2006-06-30,833444,ADT2,10000000,275000000,Unknown
2006-06-30,836102,TT2,11062700,478683000,Unknown
2006-06-30,874691,OSI2,1818800,62930000,Unknown
2006-06-30,88204,SEE,677700,35295000,Consumer Cyclical
2006-06-30,922812,AXP,151610700,8068722000,Financial Services
2006-09-30,1017968,EDGW,3290000,24412000,Unknown
2006-09-30,1020882,IRM,6031900,259010000,Real Estate
2006-09-30,104169,WMT,19944300,983653000,Consumer Defensive
2006-09-30,104889,GHC,1727765,1273363000,Consumer Defensive
2006-09-30,1052045,SVM1,3998000,44818000,Unknown
2006-09-30,105598,WFC,190641600,6897413000,Financial Services
2006-09-30,105729,WSC1,5703087,2492249000,Unknown
2006-09-30,1059556,DUT,48000000,3138240000,Unknown
2006-09-30,1108329,PC6A,659000,70942000,Unknown
2006-09-30,1121404,SNY,488500,21724000,Healthcare
2006-09-30,1179484,CDCO,1523446,21145000,Unknown
2006-09-30,12659,HRB,10971000,238510000,Consumer Cyclical
2006-09-30,1365135,W3U,10000000,191300000,Unknown
2006-09-30,1393231,COST,5254000,261019000,Consumer Defensive
2006-09-30,200406,JNJ,24588800,1596797000,Healthcare
2006-09-30,21344,KO,200000000,8935999000,Consumer Defensive
2006-09-30,22301,CMCSA,11110200,408966000,Communication Services
2006-09-30,27419,DYH,745700,41200000,Unknown
2006-09-30,310569,BUD1,36417400,1730191000,Unknown
2006-09-30,320187,NKE,4000000,350480000,Consumer Cyclical
2006-09-30,320335,GL,2823879,178214000,Financial Services
2006-09-30,354950,HD,4181000,151645000,Consumer Cyclical
2006-09-30,36270,MTB,6708760,804782000,Financial Services
2006-09-30,39899,TGNA,3447600,195927000,Communication Services
2006-09-30,40545,GE,7777900,274560000,Industrials
2006-09-30,4962,AXP,10000000,228700000,Financial Services
2006-09-30,60667,LOW,7000000,196420000,Consumer Cyclical
2006-09-30,750556,STI1,3204600,247651000,Unknown
2006-09-30,757011,USG1,16700992,785615000,Unknown
2006-09-30,78214,COP,17938100,1067855000,Energy
2006-09-30,80424,PG,100000000,6197999000,Consumer Defensive
2006-09-30,809697,UPS,1429200,102817000,Industrials
2006-09-30,820027,A4S,19256537,903131000,Unknown
2006-09-30,833444,ADT2,10000000,279900000,Unknown
2006-09-30,836102,TT2,11062700,464301000,Unknown
2006-09-30,874691,OSI2,1818800,57674000,Unknown
2006-09-30,88204,SEE,677700,36677000,Consumer Cyclical
2006-09-30,922812,AXP,151610700,8502328000,Financial Services
2006-12-31,1017968,EDGW,1483400,8826000,Unknown
2006-12-31,1020882,IRM,6031900,249359000,Real Estate
2006-12-31,104169,WMT,19944300,921027000,Consumer Defensive
2006-12-31,104889,GHC,1727765,1288222000,Consumer Defensive
2006-12-31,1052045,SVM1,3998000,52414000,Unknown
2006-12-31,105598,WFC,204022100,7255026000,Financial Services
2006-12-31,105729,WSC1,5703087,2623420000,Unknown
2006-12-31,1059556,DUT,48000000,3314880000,Unknown
2006-12-31,1108329,PC6A,659000,92774000,Unknown
2006-12-31,1121404,SNY,488500,22554000,Healthcare
2006-12-31,1179484,CDCO,1523446,14457000,Unknown
2006-12-31,12659,HRB,4113400,94773000,Consumer Cyclical
2006-12-31,1365135,W3U,10000000,224200000,Unknown
2006-12-31,1393231,COST,5254000,277779000,Consumer Defensive
2006-12-31,1699150,IR,636600,24887000,Industrials
2006-12-31,200406,JNJ,24588800,1623352000,Healthcare
2006-12-31,21344,KO,200000000,9649999000,Consumer Defensive
2006-12-31,22301,CMCSA,8000000,335040000,Communication Services
2006-12-31,310569,BUD1,36417400,1791736000,Unknown
2006-12-31,320187,NKE,4000000,396120000,Consumer Cyclical
2006-12-31,320335,GL,2823879,180051000,Financial Services
2006-12-31,354950,HD,4181000,167909000,Consumer Cyclical
2006-12-31,36104,USB,23307300,843491000,Financial Services
2006-12-31,36270,MTB,6708760,819542000,Financial Services
2006-12-31,39899,TGNA,3447600,208442000,Communication Services
2006-12-31,40545,GE,7777900,289416000,Industrials
2006-12-31,4962,AXP,10000000,255200000,Financial Services
2006-12-31,60667,LOW,7000000,218050000,Consumer Cyclical
2006-12-31,731766,UNH,1021400,47615000,Healthcare
2006-12-31,750556,STI1,3204600,270628000,Unknown
2006-12-31,757011,USG1,17072192,935556000,Unknown
2006-12-31,78214,COP,17938100,1290646000,Energy
2006-12-31,80424,PG,100000000,6427001000,Consumer Defensive
2006-12-31,809697,UPS,1429200,107161000,Industrials
2006-12-31,820027,A4S,8270637,450749000,Unknown
2006-12-31,833444,ADT2,10000000,304000000,Unknown
2006-12-31,836102,TT2,11062700,507225000,Unknown
2006-12-31,922812,AXP,151610700,9198221000,Financial Services
2007-03-31,100885,UNP,10513100,1067605000,Industrials
2007-03-31,1017968,EDGW,1483400,10250000,Unknown
2007-03-31,1020882,IRM,9047850,236420000,Real Estate
2007-03-31,104169,WMT,19944300,936385000,Consumer Defensive
2007-03-31,104889,GHC,1727765,1319148000,Consumer Defensive
2007-03-31,1052045,SVM1,3998000,61529000,Unknown
2007-03-31,105598,WFC,232244700,7996185000,Financial Services
2007-03-31,105729,WSC1,5703087,2623420000,Unknown
2007-03-31,1059556,DUT,48000000,2978880000,Unknown
2007-03-31,1108329,PC6A,659000,77162000,Unknown
2007-03-31,1121404,SNY,828500,36048000,Healthcare
2007-03-31,1156039,ELV,979700,79454000,Healthcare
2007-03-31,1179484,CDCO,1523446,15234000,Unknown
2007-03-31,12659,HRB,1246800,26233000,Consumer Cyclical
2007-03-31,1365135,W3U,9868000,216603000,Unknown
2007-03-31,1393231,COST,5254000,282875000,Consumer Defensive
2007-03-31,1699150,IR,636600,27583000,Industrials
2007-03-31,200406,JNJ,48665600,2932589000,Healthcare
2007-03-31,21344,KO,200000000,9600001000,Consumer Defensive
2007-03-31,22301,CMCSA,12000000,305640000,Communication Services
2007-03-31,310569,BUD1,35563200,1794519000,Unknown
2007-03-31,315066,FNF,34647376,2786689000,Financial Services
2007-03-31,320187,NKE,4000000,425040000,Consumer Cyclical
2007-03-31,320335,GL,2823879,185219000,Financial Services
2007-03-31,354950,HD,4181000,153610000,Consumer Cyclical
2007-03-31,36104,USB,23307300,815056000,Financial Services
2007-03-31,36270,MTB,6708760,777075000,Financial Services
2007-03-31,39899,TGNA,3447600,194065000,Communication Services
2007-03-31,40545,GE,7777900,275027000,Industrials
2007-03-31,4962,AXP,10000000,269000000,Financial Services
2007-03-31,60667,LOW,7000000,220430000,Consumer Cyclical
2007-03-31,702165,NSC,6362800,321958000,Industrials
2007-03-31,731766,UNH,1021400,54104000,Healthcare
2007-03-31,750556,STI1,3204600,266110000,Unknown
2007-03-31,757011,USG1,17072192,796930000,Unknown
2007-03-31,78214,COP,17938100,1226069000,Energy
2007-03-31,80424,PG,100000000,6316000000,Consumer Defensive
2007-03-31,809697,UPS,1429200,100187000,Industrials
2007-03-31,820027,A4S,4281462,244644000,Unknown
2007-03-31,833444,ADT2,10000000,315500000,Unknown
2007-03-31,836102,TT2,11062700,586544000,Unknown
2007-03-31,922812,AXP,151610700,8550844000,Financial Services
2007-06-30,1020882,IRM,9047850,236420000,Real Estate
2007-06-30,104169,WMT,19944300,959520000,Consumer Defensive
2007-06-30,104889,GHC,1727765,1340901000,Consumer Defensive
2007-06-30,1052045,SVM1,3998000,61809000,Unknown
2007-06-30,105598,WFC,257675468,9062446000,Financial Services
2007-06-30,105729,WSC1,5703087,2195688000,Unknown
2007-06-30,1059556,DUT,48000000,2985600000,Unknown
2007-06-30,1108329,PC6A,659000,97980000,Unknown
2007-06-30,1121404,SNY,3530685,142181000,Healthcare
2007-06-30,1156039,ELV,4200000,335286000,Healthcare
2007-06-30,1179484,CDCO,1523446,16255000,Unknown
2007-06-30,1365135,W3U,3200000,66656000,Unknown
2007-06-30,1393231,COST,5254000,307464000,Consumer Defensive
2007-06-30,1699150,IR,636600,34866000,Industrials
2007-06-30,200406,JNJ,53145848,3274846000,Healthcare
2007-06-30,21344,KO,200000000,10462001000,Consumer Defensive
2007-06-30,22301,CMCSA,12000000,335520000,Communication Services
2007-06-30,29924,DJ,2781800,159814000,Unknown
2007-06-30,310569,BUD1,35563200,1854977000,Unknown
2007-06-30,315066,FNF,39027430,3322796000,Financial Services
2007-06-30,320187,NKE,8000000,466320000,Consumer Cyclical
2007-06-30,320335,GL,2823879,189200000,Financial Services
2007-06-30,354950,HD,4181000,164522000,Consumer Cyclical
2007-06-30,36104,USB,37085326,1221962000,Financial Services
2007-06-30,36270,MTB,6708760,717166000,Financial Services
2007-06-30,39899,TGNA,3447600,189446000,Communication Services
2007-06-30,40545,GE,7777900,297738000,Industrials
2007-06-30,4962,AXP,10000000,326700000,Financial Services
2007-06-30,60667,LOW,7000000,214830000,Consumer Cyclical
2007-06-30,70858,BAC,8700000,425343000,Financial Services
2007-06-30,731766,UNH,4800000,245472000,Healthcare
2007-06-30,750556,STI1,3204600,274762000,Unknown
2007-06-30,757011,USG1,17072192,837220000,Unknown
2007-06-30,78214,COP,17938100,1408141000,Energy
2007-06-30,80424,PG,105246800,6440052000,Consumer Defensive
2007-06-30,809697,UPS,1429200,104332000,Industrials
2007-06-30,820027,A4S,2517562,160042000,Unknown
2007-06-30,833444,ADT2,6310200,213222000,Unknown
2007-06-30,836102,TT2,11062700,652478000,Unknown
2007-06-30,922812,AXP,151610700,9275543000,Financial Services
2007-09-30,100885,UNP,4453000,503456000,Industrials
2007-09-30,1020882,IRM,9047850,275778000,Real Estate
2007-09-30,104169,WMT,19944300,870569000,Consumer Defensive
2007-09-30,104889,GHC,1727765,1387050000,Consumer Defensive
2007-09-30,105598,WFC,279669568,9961829000,Financial Services
2007-09-30,105729,WSC1,5703087,2269829000,Unknown
2007-09-30,1059556,DUT,48000000,2419200000,Unknown
2007-09-30,1084887,WHCI,2700000,126225000,Unknown
2007-09-30,1121404,SNY,3530685,149772000,Healthcare
2007-09-30,1156039,ELV,4500000,355140000,Healthcare
2007-09-30,1170010,KMX,13981800,284250000,Consumer Cyclical
2007-09-30,1179484,CDCO,1537866,2292000,Unknown
2007-09-30,1393231,COST,5254000,322438000,Consumer Defensive
2007-09-30,200406,JNJ,61607348,4047602000,Healthcare
2007-09-30,21344,KO,200000000,11493803000,Consumer Defensive
2007-09-30,22301,CMCSA,12000000,287519000,Communication Services
2007-09-30,29924,DJ,6344804,378785000,Unknown
2007-09-30,310569,BUD1,35563200,1777804000,Unknown
2007-09-30,315066,FNF,52981000,4300468000,Financial Services
2007-09-30,320187,NKE,7641000,448221000,Consumer Cyclical
2007-09-30,320335,GL,2823879,175984000,Financial Services
2007-09-30,354950,HD,4181000,135632000,Consumer Cyclical
2007-09-30,36104,USB,65490326,2130401000,Financial Services
2007-09-30,36270,MTB,6708760,694022000,Financial Services
2007-09-30,39899,TGNA,3447600,150660000,Communication Services
2007-09-30,40545,GE,7777900,322005000,Industrials
2007-09-30,50485,IR,636600,34643000,Industrials
2007-09-30,60667,LOW,7000000,196140000,Consumer Cyclical
2007-09-30,702165,NSC,1933000,100342000,Industrials
2007-09-30,70858,BAC,9100000,457457000,Financial Services
2007-09-30,731766,UNH,6000000,290580000,Healthcare
2007-09-30,750556,STI1,3204600,242492000,Unknown
2007-09-30,757011,USG1,17072192,641061000,Unknown
2007-09-30,78214,COP,17508700,1536739000,Energy
2007-09-30,80424,PG,105847000,7445278000,Consumer Defensive
2007-09-30,809697,UPS,1429200,107333000,Industrials
2007-09-30,820027,A4S,1448662,91425000,Unknown
2007-09-30,836102,TT2,10962400,390480000,Unknown
2007-09-30,922812,AXP,151610700,9001129000,Financial Services
2007-12-31,100885,UNP,4453000,559386000,Industrials
2007-12-31,1020882,IRM,4663900,172658000,Real Estate
2007-12-31,104169,WMT,19944300,947952000,Consumer Defensive
2007-12-31,104889,GHC,1727765,1367399000,Consumer Defensive
2007-12-31,105598,WFC,289259868,8732756000,Financial Services
2007-12-31,105729,WSC1,5703087,2281235000,Unknown
2007-12-31,1059556,DUT,48000000,1713600000,Unknown
2007-12-31,1103982,MDLZ,132393800,4320009000,Consumer Defensive
2007-12-31,1121404,SNY,3569905,162537000,Healthcare
2007-12-31,1131399,GSK,1510500,76114000,Healthcare
2007-12-31,1156039,ELV,4500000,394785000,Healthcare
2007-12-31,1170010,KMX,21000000,414750000,Consumer Cyclical
2007-12-31,1179484,CDCO,1537866,14010000,Unknown
2007-12-31,1390844,WBC1EUR,2700000,135243000,Unknown
2007-12-31,1393231,COST,5254000,366519000,Consumer Defensive
2007-12-31,200406,JNJ,61754448,4119021000,Healthcare
2007-12-31,21344,KO,200000000,12274000000,Consumer Defensive
2007-12-31,22301,CMCSA,12000000,217440000,Communication Services
2007-12-31,310569,BUD1,35563200,1871438000,Unknown
2007-12-31,315066,FNF,60828818,5062783000,Financial Services
2007-12-31,320187,NKE,7641000,490858000,Consumer Cyclical
2007-12-31,320335,GL,2823879,170929000,Financial Services
2007-12-31,354950,HD,4181000,112636000,Consumer Cyclical
2007-12-31,36104,USB,67581926,2145051000,Financial Services
2007-12-31,36270,MTB,6708760,547233000,Financial Services
2007-12-31,39899,TGNA,3447600,134456000,Communication Services
2007-12-31,40545,GE,7777900,288321000,Industrials
2007-12-31,50485,IR,636600,29555000,Industrials
2007-12-31,60667,LOW,7000000,158340000,Consumer Cyclical
2007-12-31,702165,NSC,1933000,97500000,Industrials
2007-12-31,70858,BAC,9100000,375466000,Financial Services
2007-12-31,731766,UNH,6000000,349200000,Healthcare
2007-12-31,750556,STI1,3204600,200255000,Unknown
2007-12-31,757011,USG1,17072192,611014000,Unknown
2007-12-31,78214,COP,17508700,1546018000,Energy
2007-12-31,80424,PG,105847000,7771286000,Consumer Defensive
2007-12-31,809697,UPS,1429200,101073000,Industrials
2007-12-31,820027,A4S,661742,36469000,Unknown
2007-12-31,836102,TT2,10962400,512054000,Unknown
2007-12-31,922812,AXP,151610700,7886788000,Financial Services
2008-03-31,100885,UNP,4453000,558317000,Industrials
2008-03-31,1020882,IRM,3372200,89161000,Real Estate
2008-03-31,104169,WMT,19944300,1050665000,Consumer Defensive
2008-03-31,104889,GHC,1727765,1142917000,Consumer Defensive
2008-03-31,105598,WFC,290654868,8458061000,Financial Services
2008-03-31,105729,WSC1,5703087,2304047000,Unknown
2008-03-31,1059556,DUT,48000000,1671840000,Unknown
2008-03-31,1103982,MDLZ,138272500,4287830000,Consumer Defensive
2008-03-31,1121404,SNY,3586733,134646000,Healthcare
2008-03-31,1131399,GSK,1510500,64091000,Healthcare
2008-03-31,1156039,ELV,4800000,211824000,Healthcare
2008-03-31,1170010,KMX,21300000,413646000,Consumer Cyclical
2008-03-31,1179484,CDCO,1537866,14918000,Unknown
2008-03-31,1390844,WBC1EUR,2700000,123174000,Unknown
2008-03-31,1393231,COST,5254000,341352000,Consumer Defensive
2008-03-31,200406,JNJ,61754448,4006011000,Healthcare
2008-03-31,21344,KO,200000000,12174000000,Consumer Defensive
2008-03-31,22301,CMCSA,12000000,227640000,Communication Services
2008-03-31,310569,BUD1,35563200,1687474000,Unknown
2008-03-31,315066,FNF,63785418,5882291000,Financial Services
2008-03-31,320187,NKE,7641000,519588000,Consumer Cyclical
2008-03-31,320335,GL,2823879,169743000,Financial Services
2008-03-31,354950,HD,4181000,116943000,Consumer Cyclical
2008-03-31,36104,USB,68631026,2220899000,Financial Services
2008-03-31,36270,MTB,6715060,540428000,Financial Services
2008-03-31,39899,TGNA,3447600,100153000,Communication Services
2008-03-31,40545,GE,7777900,287860000,Industrials
2008-03-31,50485,IR,936600,41727000,Industrials
2008-03-31,60667,LOW,7000000,160580000,Consumer Cyclical
2008-03-31,702165,NSC,1933000,105001000,Industrials
2008-03-31,70858,BAC,9100000,344981000,Financial Services
2008-03-31,731766,UNH,6400000,219904000,Healthcare
2008-03-31,750556,STI1,3204600,176701000,Unknown
2008-03-31,757011,USG1,17072192,628598000,Unknown
2008-03-31,78214,COP,17508700,1334338000,Energy
2008-03-31,80424,PG,105847000,7416700000,Consumer Defensive
2008-03-31,809697,UPS,1429200,104360000,Industrials
2008-03-31,836102,TT2,10901900,500397000,Unknown
2008-03-31,922812,AXP,151610700,6628418000,Financial Services
2008-06-30,100885,UNP,8906000,672403000,Industrials
2008-06-30,1013871,NRA,3238100,138914000,Unknown
2008-06-30,1020882,IRM,3372200,89532000,Real Estate
2008-06-30,104169,WMT,19944300,1120869000,Consumer Defensive
2008-06-30,104889,GHC,1727765,1014025000,Consumer Defensive
2008-06-30,105598,WFC,290654868,6903054000,Financial Services
2008-06-30,105729,WSC1,5703087,2181431000,Unknown
2008-06-30,1059556,DUT,48000000,1653120000,Unknown
2008-06-30,1103982,MDLZ,138272500,3933852000,Consumer Defensive
2008-06-30,1121404,SNY,3903933,129727000,Healthcare
2008-06-30,1131399,GSK,1510500,66794000,Healthcare
2008-06-30,1156039,ELV,4800000,228768000,Healthcare
2008-06-30,1170010,KMX,21300000,302247000,Consumer Cyclical
2008-06-30,1179484,CDCO,1537866,14686000,Unknown
2008-06-30,1390844,WBC1EUR,2700000,125442000,Unknown
2008-06-30,1393231,COST,5254000,368516000,Consumer Defensive
2008-06-30,200406,JNJ,61754448,3973281000,Healthcare
2008-06-30,21344,KO,200000000,10396000000,Consumer Defensive
2008-06-30,22301,CMCSA,12000000,225120000,Communication Services
2008-06-30,310569,BUD1,13845000,860051000,Unknown
2008-06-30,315066,FNF,63785418,6371525000,Financial Services
2008-06-30,320187,NKE,7641000,455480000,Consumer Cyclical
2008-06-30,320335,GL,2823879,165620000,Financial Services
2008-06-30,354950,HD,4181000,97919000,Consumer Cyclical
2008-06-30,36104,USB,68631026,1914120000,Financial Services
2008-06-30,36270,MTB,6715060,473680000,Financial Services
2008-06-30,39899,TGNA,3447600,74709000,Communication Services
2008-06-30,40545,GE,7777900,207592000,Industrials
2008-06-30,50485,IR,5636600,210955000,Industrials
2008-06-30,60667,LOW,7000000,145250000,Consumer Cyclical
2008-06-30,702165,NSC,1933000,121141000,Industrials
2008-06-30,70858,BAC,9100000,217217000,Financial Services
2008-06-30,731766,UNH,6400000,168000000,Healthcare
2008-06-30,750556,STI1,3204600,116070000,Unknown
2008-06-30,757011,USG1,17072192,504825000,Unknown
2008-06-30,80424,PG,105847000,6436556000,Consumer Defensive
2008-06-30,809697,UPS,1429200,87853000,Industrials
2008-06-30,922812,AXP,151610700,5711172000,Financial Services
2008-09-30,100885,UNP,8906000,633751000,Industrials
2008-09-30,1013871,NRA,5000000,123750000,Unknown
2008-09-30,1020882,IRM,3372200,82315000,Real Estate
2008-09-30,104169,WMT,19944300,1194464000,Consumer Defensive
2008-09-30,104889,GHC,1727765,961951000,Consumer Defensive
2008-09-30,105598,WFC,290407668,10899000000,Financial Services
2008-09-30,105729,WSC1,5703087,2036002000,Unknown
2008-09-30,1059556,DUT,48000000,1632000000,Unknown
2008-09-30,1103982,MDLZ,138272500,4528424000,Consumer Defensive
2008-09-30,1121404,SNY,3903933,128323000,Healthcare
2008-09-30,1131399,GSK,1510500,65646000,Healthcare
2008-09-30,1156039,ELV,4777300,223424000,Healthcare
2008-09-30,1170010,KMX,18444100,258217000,Consumer Cyclical
2008-09-30,1179484,CDCO,1538377,14630000,Unknown
2008-09-30,1390844,WBC1EUR,2700000,95958000,Unknown
2008-09-30,1393231,COST,5254000,341142000,Consumer Defensive
2008-09-30,200406,JNJ,61754448,4278348000,Healthcare
2008-09-30,21344,KO,200000000,10576000000,Consumer Defensive
2008-09-30,22301,CMCSA,12000000,236640000,Communication Services
2008-09-30,310569,BUD1,13845000,898264000,Unknown
2008-09-30,31277,ETN,2908700,163411000,Industrials
2008-09-30,315066,FNF,63785418,5895686000,Financial Services
2008-09-30,320187,NKE,7641000,511183000,Consumer Cyclical
2008-09-30,320335,GL,2823879,168869000,Financial Services
2008-09-30,354950,HD,3700000,95793000,Consumer Cyclical
2008-09-30,36104,USB,72937126,2627194000,Financial Services
2008-09-30,36270,MTB,6715060,599319000,Financial Services
2008-09-30,39899,TGNA,3447600,58299000,Communication Services
2008-09-30,40545,GE,7777900,198336000,Industrials
2008-09-30,50485,IR,5636600,175674000,Industrials
2008-09-30,60667,LOW,6500000,153985000,Consumer Cyclical
2008-09-30,702165,NSC,1933000,127984000,Industrials
2008-09-30,70858,BAC,5000000,175000000,Financial Services
2008-09-30,731766,UNH,6379900,161986000,Healthcare
2008-09-30,750556,STI1,3204600,144175000,Unknown
2008-09-30,757011,USG1,17072192,437048000,Unknown
2008-09-30,78214,COP,83955800,6149762000,Energy
2008-09-30,80424,PG,105847000,7376477000,Consumer Defensive
2008-09-30,809697,UPS,1429200,89882000,Industrials
2008-09-30,922812,AXP,151610700,5371567000,Financial Services
2008-12-31,1004440,CEG1,19897322,499224000,Unknown
2008-12-31,100885,UNP,8906000,425707000,Industrials
2008-12-31,1013871,NRA,7200000,167976000,Unknown
2008-12-31,1020882,IRM,3372200,83395000,Real Estate
2008-12-31,104169,WMT,19944300,1118078000,Consumer Defensive
2008-12-31,104889,GHC,1727765,674259000,Consumer Defensive
2008-12-31,105598,WFC,290244868,8554419000,Financial Services
2008-12-31,105729,WSC1,5703087,1641919000,Unknown
2008-12-31,1059556,DUT,48000000,964320000,Unknown
2008-12-31,1103982,MDLZ,138272500,3712617000,Consumer Defensive
2008-12-31,1121404,SNY,3903933,125545000,Healthcare
2008-12-31,1131399,GSK,1510500,56296000,Healthcare
2008-12-31,1156039,ELV,4777300,201268000,Healthcare
2008-12-31,1170010,KMX,17636500,138976000,Consumer Cyclical
2008-12-31,1179484,CDCO,1538377,11999000,Unknown
2008-12-31,1298341,NLC,8739100,100849000,Unknown
2008-12-31,1390844,WBC1EUR,2700000,42633000,Unknown
2008-12-31,1393231,COST,5254000,275835000,Consumer Defensive
2008-12-31,200406,JNJ,28611591,1711831000,Healthcare
2008-12-31,21344,KO,200000000,9054000000,Consumer Defensive
2008-12-31,22301,CMCSA,12000000,193800000,Communication Services
2008-12-31,31277,ETN,3200000,159072000,Industrials
2008-12-31,315066,FNF,70089829,5306440000,Financial Services
2008-12-31,320187,NKE,7641000,389691000,Consumer Cyclical
2008-12-31,320335,GL,2823879,126227000,Financial Services
2008-12-31,354950,HD,3700000,85174000,Consumer Cyclical
2008-12-31,36104,USB,67551426,1689461000,Financial Services
2008-12-31,36270,MTB,6715060,385512000,Financial Services
2008-12-31,39899,TGNA,3447600,27581000,Communication Services
2008-12-31,40545,GE,7777900,126002000,Industrials
2008-12-31,50485,IR,7782600,135028000,Industrials
2008-12-31,60667,LOW,6500000,139880000,Consumer Cyclical
2008-12-31,702165,NSC,1933000,90948000,Industrials
2008-12-31,70858,BAC,5000000,70400000,Financial Services
2008-12-31,731766,UNH,6300000,167580000,Healthcare
2008-12-31,750556,STI1,3204600,94663000,Unknown
2008-12-31,757011,USG1,17072192,137260000,Unknown
2008-12-31,78214,COP,79896273,4138627000,Energy
2008-12-31,80424,PG,96316010,5954255000,Consumer Defensive
2008-12-31,809697,UPS,1429200,78835000,Industrials
2008-12-31,922812,AXP,151610700,2812379000,Financial Services
2009-03-31,1004440,CEG1,14828207,306351000,Unknown
2009-03-31,100885,UNP,9558000,392930000,Industrials
2009-03-31,1013871,NRA,7200000,126720000,Unknown
2009-03-31,1020882,IRM,3372200,74762000,Real Estate
2009-03-31,104169,WMT,19944300,1039098000,Consumer Defensive
2009-03-31,104889,GHC,1727765,616985000,Consumer Defensive
2009-03-31,105598,WFC,302609212,4309155000,Financial Services
2009-03-31,105729,WSC1,5703087,1574052000,Unknown
2009-03-31,1059556,DUT,48000000,1100160000,Unknown
2009-03-31,1103982,MDLZ,138272500,3082094000,Consumer Defensive
2009-03-31,1121404,SNY,3903933,109037000,Healthcare
2009-03-31,1131399,GSK,1510500,46931000,Healthcare
2009-03-31,1156039,ELV,4777300,181394000,Healthcare
2009-03-31,1170010,KMX,12000000,149280000,Consumer Cyclical
2009-03-31,1179484,CDCO,1538377,10922000,Unknown
2009-03-31,1298341,NLC,9000000,117630000,Unknown
2009-03-31,1390844,WBC1EUR,2700000,33237000,Unknown
2009-03-31,1393231,COST,5254000,243365000,Consumer Defensive
2009-03-31,200406,JNJ,32508891,1709968000,Healthcare
2009-03-31,21344,KO,200000000,8789999000,Consumer Defensive
2009-03-31,22301,CMCSA,12000000,154440000,Communication Services
2009-03-31,31277,ETN,3200000,117952000,Industrials
2009-03-31,315066,FNF,76777029,4618138000,Financial Services
2009-03-31,320187,NKE,7641000,358286000,Consumer Cyclical
2009-03-31,320335,GL,2823879,74069000,Financial Services
2009-03-31,354950,HD,3700000,87172000,Consumer Cyclical
2009-03-31,36104,USB,69039426,1008665000,Financial Services
2009-03-31,36270,MTB,6715060,303789000,Financial Services
2009-03-31,39899,TGNA,3447600,7585000,Communication Services
2009-03-31,40545,GE,7777900,78365000,Industrials
2009-03-31,50485,IR,7782600,107392000,Industrials
2009-03-31,60667,LOW,6500000,118625000,Consumer Cyclical
2009-03-31,702165,NSC,1933000,65239000,Industrials
2009-03-31,70858,BAC,5000000,34100000,Financial Services
2009-03-31,731766,UNH,4500000,94185000,Healthcare
2009-03-31,750556,STI1,3204600,37622000,Unknown
2009-03-31,757011,USG1,17072192,129919000,Unknown
2009-03-31,78214,COP,71228096,2789292000,Energy
2009-03-31,80424,PG,96316010,4535521000,Consumer Defensive
2009-03-31,809697,UPS,1429200,70345000,Industrials
2009-03-31,922812,AXP,151610700,2066454000,Financial Services
2009-06-30,100885,UNP,9558000,497589000,Industrials
2009-06-30,1013871,NRA,7200000,186912000,Unknown
2009-06-30,1020882,IRM,3372200,96951000,Real Estate
2009-06-30,104169,WMT,19944300,966102000,Consumer Defensive
2009-06-30,104889,GHC,1727765,608484000,Consumer Defensive
2009-06-30,105598,WFC,302609212,7341299000,Financial Services
2009-06-30,105729,WSC1,5703087,1659598000,Unknown
2009-06-30,1059556,DUT,48000000,1264800000,Unknown
2009-06-30,10795,BDX,1200000,85572000,Healthcare
2009-06-30,1103982,MDLZ,138272500,3503825000,Consumer Defensive
2009-06-30,1121404,SNY,3903933,115126000,Healthcare
2009-06-30,1131399,GSK,1510500,53381000,Healthcare
2009-06-30,1156039,ELV,3500000,178115000,Healthcare
2009-06-30,1170010,KMX,9000000,132320000,Consumer Cyclical
2009-06-30,1179484,CDCO,1538377,11537000,Unknown
2009-06-30,1298341,NLC,9000000,151560000,Unknown
2009-06-30,1390844,WBC1EUR,2700000,47790000,Unknown
2009-06-30,1393231,COST,5254000,240528000,Consumer Defensive
2009-06-30,200406,JNJ,36914633,2096751000,Healthcare
2009-06-30,21344,KO,200000000,9597999000,Consumer Defensive
2009-06-30,22301,CMCSA,12000000,169200000,Communication Services
2009-06-30,31277,ETN,2000000,89220000,Industrials
2009-06-30,315066,FNF,76777029,5646183000,Financial Services
2009-06-30,320187,NKE,7641000,395651000,Consumer Cyclical
2009-06-30,320335,GL,2823879,104596000,Financial Services
2009-06-30,354950,HD,2757898,65169000,Consumer Cyclical
2009-06-30,36104,USB,69039426,1237186000,Financial Services
2009-06-30,36270,MTB,6715060,341998000,Financial Services
2009-06-30,39899,TGNA,3447600,12308000,Communication Services
2009-06-30,40545,GE,7777900,91157000,Industrials
2009-06-30,50485,IR,7782600,162643000,Industrials
2009-06-30,60667,LOW,6500000,126165000,Consumer Cyclical
2009-06-30,702165,NSC,1933000,72816000,Industrials
2009-06-30,70858,BAC,5000000,66000000,Financial Services
2009-06-30,731766,UNH,3400000,84932000,Healthcare
2009-06-30,750556,STI1,3204600,52716000,Unknown
2009-06-30,757011,USG1,17072192,171917000,Unknown
2009-06-30,78214,COP,64485759,2712271000,Energy
2009-06-30,80424,PG,96316010,4921747000,Consumer Defensive
2009-06-30,809697,UPS,1429200,71446000,Industrials
2009-06-30,922812,AXP,151610700,3523433000,Financial Services
2009-09-30,100885,UNP,9558000,557709000,Industrials
2009-09-30,1013871,NRA,6000000,169140000,Unknown
2009-09-30,1020882,IRM,3372200,89902000,Real Estate
2009-09-30,104169,WMT,37836642,1857401000,Consumer Defensive
2009-09-30,104889,GHC,1727765,808732000,Consumer Defensive
2009-09-30,105598,WFC,313355657,8830362000,Financial Services
2009-09-30,105729,WSC1,5703087,1856355000,Unknown
2009-09-30,1059556,DUT,39219312,802427000,Unknown
2009-09-30,1060931,RSG,3625000,96316000,Industrials
2009-09-30,10795,BDX,1200000,83700000,Healthcare
2009-09-30,1103982,MDLZ,138272500,3632418000,Consumer Defensive
2009-09-30,1121404,SNY,3903933,144250000,Healthcare
2009-09-30,1131399,GSK,1510500,59680000,Healthcare
2009-09-30,1156039,ELV,3394213,160750000,Healthcare
2009-09-30,1170010,KMX,9000000,188100000,Consumer Cyclical
2009-09-30,1179484,CDCO,1538377,12676000,Unknown
2009-09-30,1298341,NLC,9000000,184410000,Unknown
2009-09-30,1393231,COST,5254000,296221000,Consumer Defensive
2009-09-30,200406,JNJ,36914633,2247733000,Healthcare
2009-09-30,21344,KO,200000000,10740000000,Consumer Defensive
2009-09-30,22301,CMCSA,12000000,192960000,Communication Services
2009-09-30,315066,FNF,76777029,6129110000,Financial Services
2009-09-30,320187,NKE,7641000,494373000,Consumer Cyclical
2009-09-30,320335,GL,2823879,122641000,Financial Services
2009-09-30,34088,XOM,1276290,87567000,Energy
2009-09-30,354950,HD,2757898,73470000,Consumer Cyclical
2009-09-30,36104,USB,69039426,1509202000,Financial Services
2009-09-30,36270,MTB,6715060,418482000,Financial Services
2009-09-30,39899,TGNA,3447600,43129000,Communication Services
2009-09-30,40545,GE,7777900,127713000,Industrials
2009-09-30,50485,IR,7782600,238673000,Industrials
2009-09-30,60667,LOW,6500000,136110000,Consumer Cyclical
2009-09-30,702165,NSC,1933000,83332000,Industrials
2009-09-30,70858,BAC,5000000,84600000,Financial Services
2009-09-30,731766,UNH,3400000,85136000,Healthcare
2009-09-30,750556,STI1,3079778,69449000,Unknown
2009-09-30,757011,USG1,17072192,293300000,Unknown
2009-09-30,78214,COP,57430168,2593546000,Energy
2009-09-30,800921,NSRGY,3400000,144697000,Consumer Defensive
2009-09-30,80424,PG,96316010,5578624000,Consumer Defensive
2009-09-30,809697,UPS,1429200,80707000,Industrials
2009-09-30,86312,TRV,27336,1346000,Financial Services
2009-09-30,922812,AXP,151610700,5139602000,Financial Services
2009-12-31,1013871,NRA,6000000,141660000,Unknown
2009-12-31,1020882,IRM,7000000,159320000,Real Estate
2009-12-31,104169,WMT,39037142,2086536000,Consumer Defensive
2009-12-31,104889,GHC,1727765,759526000,Consumer Defensive
2009-12-31,105598,WFC,320088385,8639185000,Financial Services
2009-12-31,105729,WSC1,5703087,1956159000,Unknown
2009-12-31,1059556,DUT,31814610,852632000,Unknown
2009-12-31,1060931,RSG,8290500,234704000,Industrials
2009-12-31,10795,BDX,1500000,118290000,Healthcare
2009-12-31,1103982,MDLZ,138272500,3758246000,Consumer Defensive
2009-12-31,1121404,SNY,3903933,153306000,Healthcare
2009-12-31,1131399,GSK,1510500,63819000,Healthcare
2009-12-31,1156039,ELV,1343820,78331000,Healthcare
2009-12-31,1170010,KMX,8000000,194000000,Consumer Cyclical
2009-12-31,1179484,CDCO,1538377,15383000,Unknown
2009-12-31,1298341,NLC,9000000,229590000,Unknown
2009-12-31,1393231,COST,5254000,310879000,Consumer Defensive
2009-12-31,200406,JNJ,27132467,1747602000,Healthcare
2009-12-31,21344,KO,200000000,11399999000,Consumer Defensive
2009-12-31,22301,CMCSA,12000000,192120000,Communication Services
2009-12-31,315066,FNF,76777029,7571751000,Financial Services
2009-12-31,320187,NKE,7641000,504841000,Consumer Cyclical
2009-12-31,320335,GL,2823879,124110000,Financial Services
2009-12-31,34088,XOM,421800,28763000,Energy
2009-12-31,354950,HD,2757898,79786000,Consumer Cyclical
2009-12-31,36104,USB,69039426,1554077000,Financial Services
2009-12-31,36270,MTB,6715060,449171000,Financial Services
2009-12-31,39899,TGNA,2202200,32703000,Communication Services
2009-12-31,40545,GE,7777900,117680000,Industrials
2009-12-31,50485,IR,5636600,201431000,Industrials
2009-12-31,60667,LOW,6500000,152035000,Consumer Cyclical
2009-12-31,70858,BAC,5000000,75300000,Financial Services
2009-12-31,731766,UNH,1175000,35814000,Healthcare
2009-12-31,750556,STI1,2398206,48659000,Unknown
2009-12-31,757011,USG1,17072192,239864000,Unknown
2009-12-31,78214,COP,37711330,1925918000,Energy
2009-12-31,800921,NSRGY,3400000,164390000,Consumer Defensive
2009-12-31,80424,PG,87503411,5305331000,Consumer Defensive
2009-12-31,809697,UPS,1429200,81993000,Industrials
2009-12-31,86312,TRV,27336,1363000,Financial Services
2009-12-31,922812,AXP,151610700,6143265000,Financial Services
2010-03-31,1013871,NRA,6000000,125400000,Unknown
2010-03-31,1020882,IRM,7794800,213578000,Real Estate
2010-03-31,104169,WMT,39037142,2170465000,Consumer Defensive
2010-03-31,104889,GHC,1727765,767439000,Consumer Defensive
2010-03-31,105598,WFC,320088385,9961150000,Financial Services
2010-03-31,105729,WSC1,5703087,2198540000,Unknown
2010-03-31,1059556,DUT,30783876,915820000,Unknown
2010-03-31,1060931,RSG,10827700,314220000,Industrials
2010-03-31,10795,BDX,1744128,137315000,Healthcare
2010-03-31,1103982,MDLZ,106734745,3227659000,Consumer Defensive
2010-03-31,1121404,SNY,3903933,145851000,Healthcare
2010-03-31,1131399,GSK,1510500,58184000,Healthcare
2010-03-31,1170010,KMX,7725900,194075000,Consumer Cyclical
2010-03-31,1179484,CDCO,1538377,13230000,Unknown
2010-03-31,1298341,NLC,9000000,218970000,Unknown
2010-03-31,1393231,COST,4333363,258745000,Consumer Defensive
2010-03-31,200406,JNJ,23891448,1557722000,Healthcare
2010-03-31,21344,KO,200000000,11000000000,Consumer Defensive
2010-03-31,22301,CMCSA,12000000,215640000,Communication Services
2010-03-31,320187,NKE,7641000,561613000,Consumer Cyclical
2010-03-31,320335,GL,2823879,151086000,Financial Services
2010-03-31,34088,XOM,421800,28252000,Energy
2010-03-31,354950,HD,2757898,89218000,Consumer Cyclical
2010-03-31,36104,USB,69039426,1786740000,Financial Services
2010-03-31,36270,MTB,5563281,441613000,Financial Services
2010-03-31,39899,TGNA,1740231,28749000,Communication Services
2010-03-31,40545,GE,7777900,141558000,Industrials
2010-03-31,50485,IR,5636600,196527000,Industrials
2010-03-31,60667,LOW,6500000,157560000,Consumer Cyclical
2010-03-31,70858,BAC,5000000,89250000,Financial Services
2010-03-31,757011,USG1,17072192,292959000,Unknown
2010-03-31,78214,COP,34179249,1748952000,Energy
2010-03-31,800921,NSRGY,3400000,174429000,Consumer Defensive
2010-03-31,80424,PG,79096784,5004454000,Consumer Defensive
2010-03-31,809697,UPS,1429200,92055000,Industrials
2010-03-31,922812,AXP,151610700,6255457000,Financial Services
2010-06-30,1013871,NRA,6000000,127260000,Unknown
2010-06-30,1020882,IRM,8000000,179680000,Real Estate
2010-06-30,104169,WMT,39037142,1876515000,Consumer Defensive
2010-06-30,104889,GHC,1727765,709214000,Consumer Defensive
2010-06-30,105598,WFC,320088385,8194263000,Financial Services
2010-06-30,105729,WSC1,5703087,1843238000,Unknown
2010-06-30,1059556,DUT,30783876,613214000,Unknown
2010-06-30,1060931,RSG,10827700,321908000,Industrials
2010-06-30,10795,BDX,1889889,127794000,Healthcare
2010-06-30,1103982,MDLZ,105214584,2946008000,Consumer Defensive
2010-06-30,1121404,SNY,4063675,122154000,Healthcare
2010-06-30,1131399,GSK,1510500,51372000,Healthcare
2010-06-30,1170010,KMX,7725900,153745000,Consumer Cyclical
2010-06-30,1179484,CDCO,1538377,13799000,Unknown
2010-06-30,1298341,NLC,9150000,187209000,Unknown
2010-06-30,1393231,COST,4333363,237598000,Consumer Defensive
2010-06-30,200406,JNJ,41319563,2440334000,Healthcare
2010-06-30,21344,KO,200000000,10024000000,Consumer Defensive
2010-06-30,22301,CMCSA,12000000,197160000,Communication Services
2010-06-30,320187,NKE,7641000,516150000,Consumer Cyclical
2010-06-30,320335,GL,2823879,139811000,Financial Services
2010-06-30,34088,XOM,421800,24072000,Energy
2010-06-30,354950,HD,2757898,77414000,Consumer Cyclical
2010-06-30,36104,USB,69039426,1543031000,Financial Services
2010-06-30,36270,MTB,5363821,455657000,Financial Services
2010-06-30,39899,TGNA,1740231,23424000,Communication Services
2010-06-30,40545,GE,7777900,112157000,Industrials
2010-06-30,50485,IR,5636600,194386000,Industrials
2010-06-30,60667,LOW,6500000,132730000,Consumer Cyclical
2010-06-30,70858,BAC,5000000,71850000,Financial Services
2010-06-30,757011,USG1,17072192,206232000,Unknown
2010-06-30,78214,COP,29109637,1428992000,Energy
2010-06-30,798354,FI,4400000,200904000,Technology
2010-06-30,800921,NSRGY,3400000,164585000,Consumer Defensive
2010-06-30,80424,PG,78071036,4682699000,Consumer Defensive
2010-06-30,809697,UPS,1429200,81307000,Industrials
2010-06-30,922812,AXP,151610700,6018944000,Financial Services
2010-09-30,104169,WMT,39037142,2089268000,Consumer Defensive
2010-09-30,104889,GHC,1727765,690087000,Consumer Defensive
2010-09-30,105598,WFC,336408845,8448907000,Financial Services
2010-09-30,105729,WSC1,5703087,2042561000,Unknown
2010-09-30,1059556,DUT,28873756,721267000,Unknown
2010-09-30,10795,BDX,1889889,140041000,Healthcare
2010-09-30,1103982,MDLZ,105214584,3246922000,Consumer Defensive
2010-09-30,1121404,SNY,4063675,135117000,Healthcare
2010-09-30,1131399,GSK,1510500,59695000,Healthcare
2010-09-30,1179484,CDCO,1538377,13846000,Unknown
2010-09-30,1298341,NLC,6142300,154847000,Unknown
2010-09-30,1390777,BK,1992759,52070000,Financial Services
2010-09-30,1393231,COST,4333363,279459000,Consumer Defensive
2010-09-30,200406,JNJ,42624563,2641018000,Healthcare
2010-09-30,21344,KO,200000000,11704001000,Consumer Defensive
2010-09-30,22301,CMCSA,186897,3179000,Communication Services
2010-09-30,320187,NKE,3642929,291944000,Consumer Cyclical
2010-09-30,320335,GL,2823879,150062000,Financial Services
2010-09-30,34088,XOM,421800,26063000,Energy
2010-09-30,36104,USB,69039426,1492632000,Financial Services
2010-09-30,36270,MTB,5363821,438814000,Financial Services
2010-09-30,39899,TGNA,1740231,21283000,Communication Services
2010-09-30,40545,GE,7777900,126391000,Industrials
2010-09-30,50485,IR,636600,22712000,Industrials
2010-09-30,60667,LOW,6500000,144885000,Consumer Cyclical
2010-09-30,70858,BAC,5000000,65512000,Financial Services
2010-09-30,757011,USG1,17072192,225182000,Unknown
2010-09-30,78214,COP,29109637,1671766000,Energy
2010-09-30,798354,FI,3910800,210479000,Technology
2010-09-30,800921,NSRGY,3400000,182189000,Consumer Defensive
2010-09-30,80424,PG,76766036,4603660000,Consumer Defensive
2010-09-30,809697,UPS,1429200,95313000,Industrials
2010-09-30,922812,AXP,151610700,6372197000,Financial Services
2010-12-31,104169,WMT,39037142,2105273000,Consumer Defensive
2010-12-31,104889,GHC,1727765,759354000,Consumer Defensive
2010-12-31,105598,WFC,342623925,10617915000,Financial Services
2010-12-31,105729,WSC1,5703087,2101074000,Unknown
2010-12-31,1059556,DUT,28415250,754141000,Unknown
2010-12-31,1103982,MDLZ,105214584,3315311000,Consumer Defensive
2010-12-31,1121404,SNY,4063675,130972000,Healthcare
2010-12-31,1131399,GSK,1510500,59242000,Healthcare
2010-12-31,1179484,CDCO,1538377,13846000,Unknown
2010-12-31,1390777,BK,1793915,54176000,Financial Services
2010-12-31,1393231,COST,4333363,312912000,Consumer Defensive
2010-12-31,200406,JNJ,42624563,2636330000,Healthcare
2010-12-31,21344,KO,200000000,13154000000,Consumer Defensive
2010-12-31,320335,GL,2823879,168698000,Financial Services
2010-12-31,34088,XOM,421800,30842000,Energy
2010-12-31,36104,USB,69039426,1861994000,Financial Services
2010-12-31,36270,MTB,5363821,466920000,Financial Services
2010-12-31,39899,TGNA,1740231,26260000,Communication Services
2010-12-31,40545,GE,7777900,142258000,Industrials
2010-12-31,50485,IR,636600,29949000,Industrials
2010-12-31,757011,USG1,17072192,287325000,Unknown
2010-12-31,78214,COP,29109637,1982366000,Energy
2010-12-31,80424,PG,76766036,4938358000,Consumer Defensive
2010-12-31,809697,UPS,1429200,103731000,Industrials
2010-12-31,922812,AXP,151610700,6507132000,Financial Services
2011-03-31,104169,WMT,39037142,2031883000,Consumer Defensive
2011-03-31,104889,GHC,1727765,756001000,Consumer Defensive
2011-03-31,105598,WFC,342623925,10864604000,Financial Services
2011-03-31,105729,WSC1,5703087,2219641000,Unknown
2011-03-31,1059556,DUT,28415250,963561000,Unknown
2011-03-31,1103982,MDLZ,105214584,3299529000,Consumer Defensive
2011-03-31,1121404,SNY,4063675,143123000,Healthcare
2011-03-31,1131399,GSK,1510500,58018000,Healthcare
2011-03-31,1141391,MA,216000,54372000,Financial Services
2011-03-31,1179484,CDCO,1538377,14229000,Unknown
2011-03-31,1390777,BK,1793915,53584000,Financial Services
2011-03-31,1393231,COST,4333363,317722000,Consumer Defensive
2011-03-31,200406,JNJ,42624563,2525506000,Healthcare
2011-03-31,21344,KO,200000000,13268001000,Consumer Defensive
2011-03-31,320335,GL,2823879,187732000,Financial Services
2011-03-31,34088,XOM,421800,35486000,Energy
2011-03-31,36104,USB,69039426,1824712000,Financial Services
2011-03-31,36270,MTB,5363821,474537000,Financial Services
2011-03-31,39899,TGNA,1740231,26504000,Communication Services
2011-03-31,40545,GE,7777900,155947000,Industrials
2011-03-31,50485,IR,636600,30725000,Industrials
2011-03-31,757011,USG1,17072192,284423000,Unknown
2011-03-31,78214,COP,29101637,2324057000,Energy
2011-03-31,80424,PG,76766036,4728788000,Consumer Defensive
2011-03-31,809697,UPS,1429200,106218000,Industrials
2011-03-31,922812,AXP,151610700,6852803000,Financial Services
2011-06-30,104169,WMT,39037142,2074433000,Consumer Defensive
2011-06-30,104889,GHC,1727765,723848000,Consumer Defensive
2011-06-30,105598,WFC,352327608,9886312000,Financial Services
2011-06-30,1059556,DUT,28415250,1089725000,Unknown
2011-06-30,1103982,MDLZ,99467624,3504245000,Consumer Defensive
2011-06-30,1121404,SNY,4063675,163238000,Healthcare
2011-06-30,1131399,GSK,1510500,64800000,Healthcare
2011-06-30,1141391,MA,405000,122043000,Financial Services
2011-06-30,1179484,CDCO,1538377,9583000,Unknown
2011-06-30,1390777,BK,1793915,45960000,Financial Services
2011-06-30,1393231,COST,4333363,352042000,Consumer Defensive
2011-06-30,1442145,VRSK,2101125,72741000,Industrials
2011-06-30,200406,JNJ,42624563,2835387000,Healthcare
2011-06-30,21344,KO,200000000,13457999000,Consumer Defensive
2011-06-30,29534,DG,1497800,50760000,Consumer Defensive
2011-06-30,320335,GL,2823879,181124000,Financial Services
2011-06-30,34088,XOM,421800,34326000,Energy
2011-06-30,36104,USB,69039426,1761196000,Financial Services
2011-06-30,36270,MTB,5363821,471749000,Financial Services
2011-06-30,39899,TGNA,1740231,24920000,Communication Services
2011-06-30,40545,GE,7777900,146691000,Industrials
2011-06-30,50485,IR,636600,28881000,Industrials
2011-06-30,757011,USG1,17072192,244815000,Unknown
2011-06-30,78214,COP,29101637,2188152000,Energy
2011-06-30,80424,PG,76766036,4880018000,Consumer Defensive
2011-06-30,809697,UPS,1429200,104232000,Industrials
2011-06-30,922812,AXP,151610700,7838273000,Financial Services
2011-09-30,104169,WMT,39037142,2026027000,Consumer Defensive
2011-09-30,104889,GHC,1727765,564928000,Consumer Defensive
2011-09-30,105598,WFC,361369808,8716240000,Financial Services
2011-09-30,1059556,DUT,28415250,865245000,Unknown
2011-09-30,1103982,MDLZ,89746708,3013695000,Consumer Defensive
2011-09-30,1121404,SNY,4063675,133289000,Healthcare
2011-09-30,1131399,GSK,1510500,62369000,Healthcare
2011-09-30,1141391,MA,405000,128450000,Financial Services
2011-09-30,1179484,CDCO,1538377,9384000,Unknown
2011-09-30,1390777,BK,1793915,33349000,Financial Services
2011-09-30,1393231,COST,4333363,355899000,Consumer Defensive
2011-09-30,1403161,V,2291708,196445000,Financial Services
2011-09-30,1442145,VRSK,4202250,146112000,Industrials
2011-09-30,1465112,DTV1,4249400,179622000,Unknown
2011-09-30,200406,JNJ,37446788,2384985000,Healthcare
2011-09-30,21344,KO,200000000,13512000000,Consumer Defensive
2011-09-30,29534,DG,4497247,169816000,Consumer Defensive
2011-09-30,320335,GL,4235818,147660000,Financial Services
2011-09-30,34088,XOM,421800,30635000,Energy
2011-09-30,36104,USB,69039426,1625188000,Financial Services
2011-09-30,36270,MTB,5382040,376204000,Financial Services
2011-09-30,39899,TGNA,1740231,16584000,Communication Services
2011-09-30,40545,GE,7777900,118380000,Industrials
2011-09-30,50485,IR,636600,17865000,Industrials
2011-09-30,50863,INTC,9333000,199167000,Technology
2011-09-30,64803,CVS,5661000,190153000,Healthcare
2011-09-30,750556,GD,3064422,174335000,Industrials
2011-09-30,757011,USG1,17072192,114896000,Unknown
2011-09-30,78214,COP,29100937,1842671000,Energy
2011-09-30,80424,PG,76766036,4850077000,Consumer Defensive
2011-09-30,809697,UPS,1429200,90254000,Industrials
2011-09-30,851397,IBM,57348984,10028617000,Technology
2011-09-30,922812,AXP,151610700,6807319000,Financial Services
2011-12-31,104169,WMT,39037142,2332860000,Consumer Defensive
2011-12-31,104889,GHC,1727765,651039000,Consumer Defensive
2011-12-31,105598,WFC,383703628,10574872000,Financial Services
2011-12-31,1059556,DUT,28415250,957025000,Unknown
2011-12-31,1103982,MDLZ,87034713,3251616000,Consumer Defensive
2011-12-31,1121404,SNY,4063675,148487000,Healthcare
2011-12-31,1131399,GSK,1510500,68924000,Healthcare
2011-12-31,1141391,MA,405000,150992000,Financial Services
2011-12-31,1179484,CDCO,1538377,9075000,Unknown
2011-12-31,1390777,BK,1793915,35717000,Financial Services
2011-12-31,1393231,COST,4333363,361056000,Consumer Defensive
2011-12-31,1403161,V,2865008,290884000,Financial Services
2011-12-31,1442145,VRSK,3445029,138249000,Industrials
2011-12-31,1465112,DTV1,20348400,870098000,Unknown
2011-12-31,1507934,STRZA,1701400,132794000,Unknown
2011-12-31,200406,JNJ,29018127,1903009000,Healthcare
2011-12-31,21344,KO,200000000,13994002000,Consumer Defensive
2011-12-31,29534,DG,4497247,185017000,Consumer Defensive
2011-12-31,320335,GL,4235818,183791000,Financial Services
2011-12-31,36104,USB,69039426,1867516000,Financial Services
2011-12-31,36270,MTB,5382040,410865000,Financial Services
2011-12-31,39899,TGNA,1740231,23267000,Communication Services
2011-12-31,40545,GE,7777900,139302000,Industrials
2011-12-31,50485,IR,636600,19379000,Industrials
2011-12-31,50863,INTC,11495000,278754000,Technology
2011-12-31,64803,CVS,7106500,289803000,Healthcare
2011-12-31,750556,GD,3877122,257480000,Industrials
2011-12-31,757011,USG1,17072192,173453000,Unknown
2011-12-31,78214,COP,29100937,2120585000,Energy
2011-12-31,80424,PG,76766036,5121062000,Consumer Defensive
2011-12-31,809697,UPS,1429200,104603000,Industrials
2011-12-31,851397,IBM,63905931,11751023000,Technology
2011-12-31,922812,AXP,151610700,7151476000,Financial Services
2011-12-31,927066,TRL,2684500,203512000,Unknown
2012-03-31,104169,WMT,46708142,2858538000,Consumer Defensive
2012-03-31,104889,GHC,1727765,645441000,Consumer Defensive
2012-03-31,105598,WFC,394334928,13462596000,Financial Services
2012-03-31,1059556,DUT,28415250,1196282000,Unknown
2012-03-31,1103982,MDLZ,78017165,2965432000,Consumer Defensive
2012-03-31,1121404,SNY,4063675,157467000,Healthcare
2012-03-31,1131399,GSK,1510500,67837000,Healthcare
2012-03-31,1141391,MA,405000,170319000,Financial Services
2012-03-31,1339947,VIAB,1591670,75541000,Unknown
2012-03-31,1390777,BK,5607466,135308000,Financial Services
2012-03-31,1393231,COST,4333363,393469000,Consumer Defensive
2012-03-31,1403161,V,2865008,338071000,Financial Services
2012-03-31,1442145,VRSK,2230148,104750000,Industrials
2012-03-31,1465112,DTV1,22999600,1134800000,Unknown
2012-03-31,1466258,TT,636000,26299000,Industrials
2012-03-31,1467858,GM,10000000,256500000,Consumer Cyclical
2012-03-31,1507934,STRZA,3000000,264450000,Unknown
2012-03-31,200406,JNJ,29018127,1914036000,Healthcare
2012-03-31,21344,KO,200000000,14802000000,Consumer Defensive
2012-03-31,29534,DG,3637164,168037000,Consumer Defensive
2012-03-31,320335,GL,4235818,211156000,Financial Services
2012-03-31,36104,USB,69039326,2187165000,Financial Services
2012-03-31,36270,MTB,5382040,467591000,Financial Services
2012-03-31,39899,TGNA,1740231,26678000,Communication Services
2012-03-31,40545,GE,7777900,156102000,Industrials
2012-03-31,50863,INTC,7745000,217751000,Technology
2012-03-31,64803,CVS,7106500,318371000,Healthcare
2012-03-31,750556,GD,3877122,284503000,Industrials
2012-03-31,757011,USG1,17072192,293642000,Unknown
2012-03-31,78214,COP,29100937,2211963000,Energy
2012-03-31,80424,PG,73254136,4923411000,Consumer Defensive
2012-03-31,809697,UPS,1429200,115365000,Industrials
2012-03-31,851397,IBM,64395700,13436163000,Technology
2012-03-31,922812,AXP,151610700,8772196000,Financial Services
2012-03-31,927066,TRL,6000000,541020000,Unknown
2012-06-30,1021860,NOV,2841200,183087000,Energy
2012-06-30,104169,WMT,46708142,3256491000,Consumer Defensive
2012-06-30,104889,GHC,1727765,645874000,Consumer Defensive
2012-06-30,105598,WFC,411045245,13745352000,Financial Services
2012-06-30,1059556,DUT,28415250,1038577000,Unknown
2012-06-30,1103982,MDLZ,58826390,2271875000,Consumer Defensive
2012-06-30,1121404,SNY,4063675,153526000,Healthcare
2012-06-30,1131399,GSK,1510500,68833000,Healthcare
2012-06-30,1141391,MA,405000,174195000,Financial Services
2012-06-30,1339947,VIAB,6813200,320357000,Unknown
2012-06-30,1390777,BK,18719515,410893000,Financial Services
2012-06-30,1393231,COST,4333363,411669000,Consumer Defensive
2012-06-30,1403161,V,2079659,257108000,Financial Services
2012-06-30,1442145,VRSK,1871871,92208000,Industrials
2012-06-30,1465112,DTV1,28420700,1387498000,Unknown
2012-06-30,1466258,TT,20400,860000,Industrials
2012-06-30,1467858,GM,10000000,197200000,Consumer Cyclical
2012-06-30,1507934,STRZA,5500000,483505000,Unknown
2012-06-30,1534701,PSX,27163918,902928000,Energy
2012-06-30,200406,JNJ,10333128,698105000,Healthcare
2012-06-30,21344,KO,200000000,15637999000,Consumer Defensive
2012-06-30,29534,DG,3320885,180623000,Consumer Defensive
2012-06-30,320335,GL,4235818,214120000,Financial Services
2012-06-30,36104,USB,66000713,2122583000,Financial Services
2012-06-30,36270,MTB,5382040,444395000,Financial Services
2012-06-30,39899,TGNA,1740231,25634000,Communication Services
2012-06-30,40545,GE,5008625,104380000,Industrials
2012-06-30,58361,LEE,3225822,5226000,Communication Services
2012-06-30,64803,CVS,5301916,247759000,Healthcare
2012-06-30,750556,GD,3877122,255735000,Industrials
2012-06-30,757011,USG1,17072192,325225000,Unknown
2012-06-30,78214,COP,28868637,1613180000,Energy
2012-06-30,80424,PG,59602203,3650635000,Consumer Defensive
2012-06-30,809697,UPS,261900,20627000,Industrials
2012-06-30,851397,IBM,66645396,13034507000,Technology
2012-06-30,922812,AXP,151610700,8825260000,Financial Services
2012-06-30,927066,TRL,9300000,913353000,Unknown
2012-09-30,1021860,NOV,4186800,335405000,Energy
2012-09-30,104169,WMT,46708142,3447061000,Consumer Defensive
2012-09-30,104889,GHC,1727765,627230000,Consumer Defensive
2012-09-30,105598,WFC,422549545,14590638000,Financial Services
2012-09-30,1059556,DUT,28415250,1255102000,Unknown
2012-09-30,1103982,MDLZ,30464350,1259700000,Consumer Defensive
2012-09-30,1121404,SNY,4063675,174981000,Healthcare
2012-09-30,1131399,GSK,1510500,69846000,Healthcare
2012-09-30,1141391,MA,405000,182849000,Financial Services
2012-09-30,1339947,VIAB,7607200,407670000,Unknown
2012-09-30,1390777,BK,19633915,444119000,Financial Services
2012-09-30,1390844,WBC1EUR,1599064,92235000,Unknown
2012-09-30,1393231,COST,4333363,434030000,Consumer Defensive
2012-09-30,1403161,V,1555459,208867000,Financial Services
2012-09-30,1442145,VRSK,1563434,74435000,Industrials
2012-09-30,1465112,DTV1,29555600,1549896000,Unknown
2012-09-30,1467858,GM,15000000,341250000,Consumer Cyclical
2012-09-30,1507934,STRZA,5500000,572440000,Unknown
2012-09-30,1534701,PSX,27163918,1259591000,Energy
2012-09-30,200406,JNJ,492028,33905000,Healthcare
2012-09-30,21344,KO,400000000,15172000000,Consumer Defensive
2012-09-30,216539,MEG1,4646220,24067000,Unknown
2012-09-30,315189,DE,3978767,328129000,Industrials
2012-09-30,320335,GL,4235818,217509000,Financial Services
2012-09-30,36104,USB,61264601,2101375000,Financial Services
2012-09-30,36270,MTB,5382040,512155000,Financial Services
2012-09-30,39899,TGNA,1740231,30889000,Communication Services
2012-09-30,40545,GE,588900,13374000,Industrials
2012-09-30,58361,LEE,1130720,1673000,Communication Services
2012-09-30,750556,GD,3877122,256355000,Industrials
2012-09-30,757011,USG1,17072192,374735000,Unknown
2012-09-30,78214,COP,24123911,1379405000,Energy
2012-09-30,79958,PCP,1248901,203996000,Unknown
2012-09-30,80424,PG,52793078,3661728000,Consumer Defensive
2012-09-30,809697,UPS,59400,4251000,Industrials
2012-09-30,851397,IBM,67517896,14006587000,Technology
2012-09-30,922812,AXP,151610700,8620585000,Financial Services
2012-09-30,927066,TRL,10197569,1056570000,Unknown
2012-12-31,1014473,VRSN,3685700,143079000,Technology
2012-12-31,1021860,NOV,5294800,361899000,Energy
2012-12-31,104169,WMT,47501182,3241007000,Consumer Defensive
2012-12-31,104889,GHC,1727765,630997000,Consumer Defensive
2012-12-31,105598,WFC,439857861,15034342000,Financial Services
2012-12-31,1059556,DUT,28415250,1429855000,Unknown
2012-12-31,1103982,MDLZ,12840450,326831000,Consumer Defensive
2012-12-31,1121404,SNY,4063675,192537000,Healthcare
2012-12-31,1131399,GSK,1510500,65661000,Healthcare
2012-12-31,1141391,MA,405000,198968000,Financial Services
2012-12-31,1339947,VIAB,7607200,401204000,Unknown
2012-12-31,1390777,BK,19633915,504592000,Financial Services
2012-12-31,1390844,WBC1EUR,4071925,265448000,Unknown
2012-12-31,1393231,COST,4333363,427833000,Consumer Defensive
2012-12-31,1403161,V,1555459,235776000,Financial Services
2012-12-31,1442145,VRSK,1563434,79688000,Industrials
2012-12-31,1465112,DTV1,34037500,1707321000,Unknown
2012-12-31,1467858,GM,25000000,720750000,Consumer Cyclical
2012-12-31,1507934,STRZA,5622340,652248000,Unknown
2012-12-31,1534701,PSX,27163918,1442404000,Energy
2012-12-31,1545158,KRFT,1668714,75877000,Unknown
2012-12-31,200406,JNJ,327100,22930000,Healthcare
2012-12-31,21344,KO,400000000,14500000000,Consumer Defensive
2012-12-31,216539,MEG1,4646220,19979000,Unknown
2012-12-31,315032,ADM,5956600,163151000,Consumer Defensive
2012-12-31,315189,DE,3978767,343845000,Industrials
2012-12-31,320335,GL,4235818,218865000,Financial Services
2012-12-31,36104,USB,61264601,1956791000,Financial Services
2012-12-31,36270,MTB,5382040,529969000,Financial Services
2012-12-31,39899,TGNA,1740231,31342000,Communication Services
2012-12-31,40545,GE,588900,12361000,Industrials
2012-12-31,58361,LEE,88863,101000,Communication Services
2012-12-31,750556,GD,3877122,268568000,Industrials
2012-12-31,757011,USG1,17072192,479216000,Unknown
2012-12-31,78214,COP,24123911,1398945000,Energy
2012-12-31,79958,PCP,1977336,374547000,Unknown
2012-12-31,80424,PG,52793078,3584123000,Consumer Defensive
2012-12-31,809697,UPS,59400,4380000,Industrials
2012-12-31,851397,IBM,68115484,13047521000,Technology
2012-12-31,922812,AXP,151610700,8714584000,Financial Services
2012-12-31,927066,TRL,13607935,1504085000,Unknown
2013-03-31,1014473,VRSN,8174100,386389000,Technology
2013-03-31,1021860,NOV,7484300,529514000,Energy
2013-03-31,1027884,CBI,6508600,404185000,Unknown
2013-03-31,104169,WMT,49247235,3685170000,Consumer Defensive
2013-03-31,104889,GHC,1727765,772311000,Consumer Defensive
2013-03-31,105598,WFC,458170323,16947720000,Financial Services
2013-03-31,1059556,DUT,28415250,1515101000,Unknown
2013-03-31,1103982,MDLZ,7052750,215919000,Consumer Defensive
2013-03-31,1121404,SNY,4063675,207573000,Healthcare
2013-03-31,1131399,GSK,1510500,70858000,Healthcare
2013-03-31,1141391,MA,405000,219158000,Financial Services
2013-03-31,1339947,VIAB,7607200,467691000,Unknown
2013-03-31,1390777,BK,18939115,530106000,Financial Services
2013-03-31,1390844,WBC1EUR,4076325,287748000,Unknown
2013-03-31,1393231,COST,4333363,459813000,Consumer Defensive
2013-03-31,1403161,V,1555459,264179000,Financial Services
2013-03-31,1442145,VRSK,1563434,96339000,Industrials
2013-03-31,1465112,DTV1,37275400,2109415000,Unknown
2013-03-31,1467858,GM,25000000,695500000,Consumer Cyclical
2013-03-31,1507934,STRZA,5622340,124535000,Unknown
2013-03-31,1534701,PSX,27163918,1900660000,Energy
2013-03-31,1545158,KRFT,1602061,82554000,Unknown
2013-03-31,1560385,FWONA,5622340,627622000,Communication Services
2013-03-31,200406,JNJ,327100,26668000,Healthcare
2013-03-31,21344,KO,400000000,16176000000,Consumer Defensive
2013-03-31,216539,MEG1,4646220,27599000,Unknown
2013-03-31,315189,DE,3978767,342094000,Industrials
2013-03-31,320335,GL,4235818,253302000,Financial Services
2013-03-31,36104,USB,61458101,2085274000,Financial Services
2013-03-31,36270,MTB,5382040,555211000,Financial Services
2013-03-31,39899,TGNA,1740231,38059000,Communication Services
2013-03-31,40545,GE,588900,13615000,Industrials
2013-03-31,58361,LEE,88863,113000,Communication Services
2013-03-31,757011,USG1,17072192,451389000,Unknown
2013-03-31,78214,COP,24123911,1449847000,Energy
2013-03-31,79958,PCP,1977336,374942000,Unknown
2013-03-31,80424,PG,52793078,4068235000,Consumer Defensive
2013-03-31,809697,UPS,59400,5102000,Industrials
2013-03-31,851397,IBM,68121984,14530420000,Technology
2013-03-31,922812,AXP,151610700,10227658000,Financial Services
2013-03-31,927066,TRL,14973906,1775756000,Unknown
