filedFor,cik,ticker,no_shares,value
2002-03-31,104889,GHC,1727765,1048805000
2002-03-31,105598,WFC,53265080,2631295000
2002-03-31,105729,WSC1,5703087,1782785000
2002-03-31,1059556,DUT,24000000,986400000
2002-03-31,109261,ZNT,816655,23846000
2002-03-31,12659,HRB,15999200,711164000
2002-03-31,21344,KO,200000000,10452001000
2002-03-31,29905,DOV,2165100,88769000
2002-03-31,320187,NKE,4930700,296416000
2002-03-31,320335,GL,2073462,83541000
2002-03-31,352363,KATE,334200,9478000
2002-03-31,36270,MTB,6708760,539183000
2002-03-31,39899,TGNA,3636800,276760000
2002-03-31,40211,GATX,7340700,233434000
2002-03-31,41499,G1,96000000,3264960000
2002-03-31,43362,GLK1,6948700,195745000
2002-03-31,750556,STI1,5806300,387455000
2002-03-31,757011,USG1,6500000,45500000
2002-03-31,874691,OSI2,1867500,66800000
2002-03-31,922812,AXP,151610700,6209973000
2002-03-31,932872,SJR/BEUR,22000000,395560000
2002-06-30,104889,GHC,1727765,941632000
2002-06-30,105598,WFC,53265080,2666450000
2002-06-30,105729,WSC1,5703087,1720051000
2002-06-30,1059556,DUT,24000000,1194000000
2002-06-30,109261,ZNT,451355,14376000
2002-06-30,12659,HRB,15999200,738363000
2002-06-30,21344,KO,200000000,11200001000
2002-06-30,29905,DOV,2165100,75778000
2002-06-30,320187,NKE,4405700,236366000
2002-06-30,320335,GL,2073462,79207000
2002-06-30,36270,MTB,6708760,575343000
2002-06-30,39899,TGNA,3636800,276033000
2002-06-30,40211,GATX,7340700,220955000
2002-06-30,41499,G1,96000000,3251520000
2002-06-30,43362,GLK1,6948700,184071000
2002-06-30,750556,STI1,5806300,393202000
2002-06-30,757011,USG1,6500000,46475000
2002-06-30,874691,OSI2,1867500,65549000
2002-06-30,922812,AXP,151610700,5506501000
2002-06-30,932872,SJR/BEUR,22000000,246400000
2002-09-30,1012100,SEE 2 04/01/18 A,679500,15499000
2002-09-30,1020882,IRM,6671200,166723000
2002-09-30,104889,GHC,1727765,1121319000
2002-09-30,105598,WFC,53265080,2565246000
2002-09-30,105729,WSC1,5703087,1753699000
2002-09-30,1059556,DNB1,1289100,43327000
2002-09-30,1059556,DUT,24000000,1164000000
2002-09-30,109261,ZNT,451355,11925000
2002-09-30,12659,HRB,15999200,672126000
2002-09-30,1393231,COST,5606409,181479000
2002-09-30,21344,KO,200000000,9592000000
2002-09-30,29905,DOV,2479200,62922000
2002-09-30,29989,OMC,500000,27840000
2002-09-30,320187,NKE,6000000,259080000
2002-09-30,320335,GL,2073462,71037000
2002-09-30,36270,MTB,6708760,528717000
2002-09-30,39899,TGNA,3636800,262504000
2002-09-30,39911,GAP,20000000,217000000
2002-09-30,40211,GATX,7340700,145346000
2002-09-30,41499,G1,96000000,2841600000
2002-09-30,43362,GLK1,6948700,166908000
2002-09-30,750556,STI1,5806300,356972000
2002-09-30,757011,USG1,6500000,26000000
2002-09-30,836102,TT2,3232000,205620000
2002-09-30,874016,JNY,3211300,98587000
2002-09-30,874691,OSI2,1867500,51319000
2002-09-30,88204,SEE,2492800,42103000
2002-09-30,89439,MLI,2480900,64255000
2002-09-30,922812,AXP,151610700,4727222000
2002-09-30,932872,SJR/BEUR,22000000,183040000
2002-12-31,1012100,SEE 2 04/01/18 A,704500,30012000
2002-12-31,1020882,IRM,8000000,264080000
2002-12-31,104889,GHC,1727765,1275091000
2002-12-31,105598,WFC,53265080,2496535000
2002-12-31,105729,WSC1,5703087,1767672000
2002-12-31,1059556,DNB1,1067900,36832000
2002-12-31,1059556,DUT,24000000,990960000
2002-12-31,109261,ZNT,451355,10592000
2002-12-31,1179484,CDCO,1452549,113299000
2002-12-31,12659,HRB,15999200,643168000
2002-12-31,1393231,COST,5254000,147427000
2002-12-31,21344,KO,200000000,8768001000
2002-12-31,29905,DOV,4000000,116640000
2002-12-31,320187,NKE,6000000,266820000
2002-12-31,320335,GL,1938179,70802000
2002-12-31,36270,MTB,6708760,532341000
2002-12-31,39899,TGNA,3636800,261122000
2002-12-31,39911,GAP,20000000,310400000
2002-12-31,40211,GATX,7340700,167515000
2002-12-31,41499,G1,96000000,2914560000
2002-12-31,43362,GLK1,6948700,165935000
2002-12-31,713676,PNC,715000,29959000
2002-12-31,750556,STI1,5806300,330494000
2002-12-31,757011,USG1,6500000,54925000
2002-12-31,764478,BBY,542800,13109000
2002-12-31,836102,TT2,3232000,229924000
2002-12-31,874016,JNY,894200,31690000
2002-12-31,874691,OSI2,1867500,64317000
2002-12-31,88204,SEE,2492800,92981000
2002-12-31,89439,MLI,2480900,67605000
2002-12-31,922812,AXP,151610700,5359437000
2002-12-31,932872,SJR/BEUR,22000000,226160000
2003-03-31,1012100,SEE 2 04/01/18 A,704500,32393000
2003-03-31,104889,GHC,1727765,1177230000
2003-03-31,105598,WFC,53265080,2396396000
2003-03-31,105729,WSC1,5703087,1699520000
2003-03-31,1059556,DNB1,680000,26010000
2003-03-31,1059556,DUT,24000000,1109520000
2003-03-31,109261,ZNT,451355,9660000
2003-03-31,1108329,PC6A,718800,14994000
2003-03-31,1179484,CDCO,1468573,197743000
2003-03-31,1195454,WTEL,1590696,20043000
2003-03-31,12659,HRB,15999200,683006000
2003-03-31,1393231,COST,5254000,157778000
2003-03-31,21344,KO,200000000,8096000000
2003-03-31,29905,DOV,4500000,108990000
2003-03-31,320187,NKE,6000000,308520000
2003-03-31,320335,GL,1938179,69386000
2003-03-31,36270,MTB,6708760,527175000
2003-03-31,39899,TGNA,3636800,256140000
2003-03-31,39911,GAP,20000000,289800000
2003-03-31,40211,GATX,7340700,106293000
2003-03-31,41499,G1,96000000,2970240000
2003-03-31,43362,GLK1,6948700,154261000
2003-03-31,750556,STI1,5806300,305702000
2003-03-31,757011,USG1,6500000,27040000
2003-03-31,794323,LVLT,879000,4536000
2003-03-31,836102,TT2,3232000,222264000
2003-03-31,874691,OSI2,1867500,66072000
2003-03-31,88204,SEE,2492800,100036000
2003-03-31,89439,MLI,2480900,61948000
2003-03-31,922812,AXP,151610700,5038024000
2003-03-31,932872,SJR/BEUR,22000000,231200000
2003-06-30,1012100,SEE 2 04/01/18 A,704500,35894000
2003-06-30,104889,GHC,1727765,1246278000
2003-06-30,105598,WFC,53603380,2701611000
2003-06-30,105729,WSC1,5703087,1779363000
2003-06-30,1059556,DNB1,389700,16017000
2003-06-30,1059556,DUT,24000000,1265040000
2003-06-30,109261,ZNT,167055,4761000
2003-06-30,1108329,PC6A,659000,19902000
2003-06-30,1179484,CDCO,1477453,146268000
2003-06-30,12659,HRB,15999200,691965000
2003-06-30,1393231,COST,5254000,192296000
2003-06-30,21344,KO,200000000,9282000000
2003-06-30,29905,DOV,4500000,134820000
2003-06-30,320187,NKE,6000000,320940000
2003-06-30,320335,GL,1938179,72197000
2003-06-30,36270,MTB,6708760,565011000
2003-06-30,39899,TGNA,3636800,279343000
2003-06-30,39911,GAP,20000000,375200000
2003-06-30,40211,GATX,2228900,36443000
2003-06-30,41499,G1,96000000,3058560000
2003-06-30,43362,GLK1,4348700,88713000
2003-06-30,750556,STI1,5806300,344545000
2003-06-30,757011,USG1,6500000,123500000
2003-06-30,836102,TT2,3232000,238942000
2003-06-30,874691,OSI2,1867500,72832000
2003-06-30,88204,SEE,1569600,74807000
2003-06-30,89439,MLI,2480900,67257000
2003-06-30,922812,AXP,151610700,6338843000
2003-06-30,932872,SJR/BEUR,22000000,295900000
2003-09-30,1020882,IRM,5018500,180164000
2003-09-30,104889,GHC,1727765,1148964000
2003-09-30,105598,WFC,56448380,2907091000
2003-09-30,105729,WSC1,5703087,1938878000
2003-09-30,1059556,DNB1,136000,5649000
2003-09-30,1059556,DUT,24000000,1319280000
2003-09-30,109261,ZNT,167055,4647000
2003-09-30,1108329,PC6A,659000,22110000
2003-09-30,1179484,CDCO,1486375,124855000
2003-09-30,12659,HRB,15999200,690365000
2003-09-30,1393231,COST,5254000,163662000
2003-09-30,21344,KO,200000000,8592000000
2003-09-30,29905,DOV,3129300,110683000
2003-09-30,30371,DUK,1418800,25269000
2003-09-30,311314,HCA,17900700,659820000
2003-09-30,320187,NKE,6000000,364920000
2003-09-30,320335,GL,1938179,78768000
2003-09-30,36270,MTB,6708760,585675000
2003-09-30,39899,TGNA,3636800,282070000
2003-09-30,39911,GAP,20000000,342400000
2003-09-30,41499,G1,96000000,3070080000
2003-09-30,43362,GLK1,547700,11014000
2003-09-30,4962,AXP,8000000,319680000
2003-09-30,750556,STI1,5806300,350526000
2003-09-30,757011,USG1,6500000,112060000
2003-09-30,794323,LVLT,1644900,8915000
2003-09-30,836102,TT2,3232000,272296000
2003-09-30,8670,ADP,1649000,59117000
2003-09-30,874691,OSI2,1867500,70722000
2003-09-30,88204,SEE,1123800,53077000
2003-09-30,89439,MLI,2480900,63139000
2003-09-30,922812,AXP,151610700,6831578000
2003-09-30,932872,SJR/BEUR,22000000,267520000
2003-12-31,1020882,IRM,5018500,198431000
2003-12-31,104889,GHC,1727765,1367353000
2003-12-31,105598,WFC,56448380,3324246000
2003-12-31,105729,WSC1,5703087,1996080000
2003-12-31,1059556,DUT,24000000,1453200000
2003-12-31,109261,ZNT,157055,5112000
2003-12-31,1108329,PC6A,659000,37596000
2003-12-31,1179484,CDCO,1489414,59577000
2003-12-31,12659,HRB,14610900,809006000
2003-12-31,1393231,COST,5254000,195344000
2003-12-31,21344,KO,200000000,10149999000
2003-12-31,29905,DOV,2000000,79500000
2003-12-31,311314,HCA,15476500,664870000
2003-12-31,320187,NKE,6000000,410760000
2003-12-31,320335,GL,1938179,88264000
2003-12-31,36270,MTB,6708760,659471000
2003-12-31,39899,TGNA,3456600,308190000
2003-12-31,39911,GAP,15000000,348150000
2003-12-31,41499,G1,96000000,3526080000
2003-12-31,4962,AXP,8000000,328720000
2003-12-31,744473,CDSCY,10000000,73311000
2003-12-31,750556,STI1,5806300,415150000
2003-12-31,757011,USG1,6500000,107705000
2003-12-31,836102,TT2,3232000,325462000
2003-12-31,8670,ADP,1415700,56076000
2003-12-31,874691,OSI2,1867500,82562000
2003-12-31,88204,SEE,1123800,60843000
2003-12-31,89439,MLI,2446900,84075000
2003-12-31,922812,AXP,151610700,7312184000
2003-12-31,932872,SJR/BEUR,22000000,341440000
2004-03-31,1020882,IRM,5018500,223976000
2004-03-31,104889,GHC,1727765,1528053000
2004-03-31,105598,WFC,56448380,3198929000
2004-03-31,105729,WSC1,5703087,2207095000
2004-03-31,1059556,DUT,24000000,1699200000
2004-03-31,109261,ZNT,126855,4973000
2004-03-31,1108329,PC6A,659000,33675000
2004-03-31,1179484,CDCO,1489430,55109000
2004-03-31,12659,HRB,14350600,732311000
2004-03-31,1393231,COST,5254000,197603000
2004-03-31,21344,KO,200000000,10060001000
2004-03-31,311314,HCA,15476500,628655000
2004-03-31,320187,NKE,6000000,467220000
2004-03-31,320335,GL,1938179,104253000
2004-03-31,36270,MTB,6708760,602782000
2004-03-31,39899,TGNA,3456600,304664000
2004-03-31,39911,GAP,15000000,328800000
2004-03-31,41499,G1,96000000,3753600000
2004-03-31,4962,AXP,8000000,337280000
2004-03-31,750556,STI1,5806300,404758000
2004-03-31,757011,USG1,6500000,113685000
2004-03-31,836102,TT2,3232000,367640000
2004-03-31,874691,OSI2,1818800,88576000
2004-03-31,88204,SEE,1123800,55867000
2004-03-31,89439,MLI,2446900,83170000
2004-03-31,922812,AXP,151610700,7861015000
2004-03-31,932872,SJR/BEUR,22000000,359260000
2004-06-30,1017968,EDGW,8000000,141520000
2004-06-30,1020882,IRM,5018500,242193000
2004-06-30,104889,GHC,1727765,1606839000
2004-06-30,105598,WFC,56448380,3230541000
2004-06-30,105729,WSC1,5703087,2064517000
2004-06-30,1059556,DUT,24000000,1551840000
2004-06-30,109261,ZNT,53955,2622000
2004-06-30,1108329,PC6A,659000,30511000
2004-06-30,1179484,CDCO,1489628,38730000
2004-06-30,12659,HRB,14350600,684237000
2004-06-30,1393231,COST,5254000,216360000
2004-06-30,21344,KO,200000000,10096000000
2004-06-30,311314,HCA,14566100,605804000
2004-06-30,320187,NKE,6000000,454500000
2004-06-30,320335,GL,1938179,104274000
2004-06-30,36270,MTB,6708760,585675000
2004-06-30,39899,TGNA,3447600,292529000
2004-06-30,39911,GAP,15000000,363750000
2004-06-30,41499,G1,96000000,4070400000
2004-06-30,4962,AXP,8000000,356160000
2004-06-30,750556,STI1,5806300,377351000
2004-06-30,757011,USG1,6500000,114270000
2004-06-30,836102,TT2,10497900,423170000
2004-06-30,874691,OSI2,1818800,75226000
2004-06-30,88204,SEE,1113300,59305000
2004-06-30,89439,MLI,1929800,69087000
2004-06-30,922812,AXP,151610700,7789757000
2004-06-30,932872,SJR/BEUR,22000000,369820000
2004-09-30,1017968,EDGW,8000000,144640000
2004-09-30,1020882,IRM,6935750,234775000
2004-09-30,104889,GHC,1727765,1589544000
2004-09-30,1052045,SVM1,5611600,72165000
2004-09-30,105598,WFC,56448380,3366016000
2004-09-30,105729,WSC1,5703087,2004635000
2004-09-30,1059556,DUT,24000000,1758000000
2004-09-30,1108329,PC6A,659000,35428000
2004-09-30,1179484,CDCO,1489628,31654000
2004-09-30,12659,HRB,14350600,709207000
2004-09-30,1393231,COST,5254000,218094000
2004-09-30,21344,KO,200000000,8010000000
2004-09-30,22301,CMCSA,5000000,139600000
2004-09-30,311314,HCA,13500200,515033000
2004-09-30,320187,NKE,6000000,472800000
2004-09-30,320335,GL,2029379,107922000
2004-09-30,36270,MTB,6708760,642028000
2004-09-30,39899,TGNA,3447600,288771000
2004-09-30,39911,GAP,15000000,279750000
2004-09-30,41499,G1,96000000,4007040000
2004-09-30,4962,AXP,8000000,348000000
2004-09-30,757011,USG1,6500000,118495000
2004-09-30,836102,TT2,10497900,408473000
2004-09-30,874691,OSI2,1818800,75535000
2004-09-30,88204,SEE,1113300,51601000
2004-09-30,89439,MLI,1361900,58494000
2004-09-30,922812,AXP,151610700,7801887000
2004-09-30,932872,SJR/BEUR,22000000,366960000
2004-12-31,1017968,EDGW,8000000,157600000
2004-12-31,1020882,IRM,5000000,152450000
2004-12-31,104889,GHC,1727765,1698428000
2004-12-31,1052045,SVM1,5611600,77384000
2004-12-31,105598,WFC,56448380,3508265000
2004-12-31,105729,WSC1,5703087,2241313000
2004-12-31,1059556,DUT,24000000,2084400000
2004-12-31,1108329,PC6A,659000,35382000
2004-12-31,1179484,CDCO,1509433,33676000
2004-12-31,12659,HRB,14350600,703179000
2004-12-31,1393231,COST,5254000,254346000
2004-12-31,21344,KO,200000000,8328000000
2004-12-31,22301,CMCSA,10000000,328400000
2004-12-31,320187,NKE,2500000,226725000
2004-12-31,320335,GL,2038979,116506000
2004-12-31,36270,MTB,6708760,723473000
2004-12-31,39899,TGNA,3447600,281668000
2004-12-31,39911,GAP,15434243,325971000
2004-12-31,41499,G1,96000000,4298880000
2004-12-31,4962,AXP,8000000,340320000
2004-12-31,757011,USG1,6500000,261755000
2004-12-31,836102,TT2,10497900,433773000
2004-12-31,874691,OSI2,1818800,83265000
2004-12-31,88204,SEE,1113300,59305000
2004-12-31,89439,MLI,1361900,43853000
2004-12-31,922812,AXP,151610700,8546296000
2004-12-31,931336,DFODQ,375500,12373000
2004-12-31,932872,SJR/BEUR,22000000,402380000
2005-03-31,1017968,EDGW,8000000,145840000
2005-03-31,1020882,IRM,5000000,144200000
2005-03-31,104889,GHC,1727765,1544623000
2005-03-31,1052045,SVM1,5611600,75757000
2005-03-31,105598,WFC,56448380,3375614000
2005-03-31,105729,WSC1,5703087,2195574000
2005-03-31,1059556,DUT,24000000,1940640000
2005-03-31,1108329,PC6A,659000,41662000
2005-03-31,1179484,CDCO,1518978,21266000
2005-03-31,12659,HRB,13510900,683381000
2005-03-31,1393231,COST,5254000,232122000
2005-03-31,21344,KO,200000000,8334000000
2005-03-31,22301,CMCSA,10000000,334400000
2005-03-31,320187,NKE,2474600,206159000
2005-03-31,320335,GL,2074879,108308000
2005-03-31,36270,MTB,6708760,684696000
2005-03-31,39899,TGNA,3447600,272636000
2005-03-31,39911,GAP,15434243,337084000
2005-03-31,41499,G1,100980000,5097470000
2005-03-31,4962,AXP,8000000,314480000
2005-03-31,757011,USG1,6500000,215540000
2005-03-31,80424,PG,630000,33390000
2005-03-31,836102,TT2,10497900,487942000
2005-03-31,874691,OSI2,1818800,83283000
2005-03-31,88204,SEE,1113300,57825000
2005-03-31,89439,MLI,851800,23978000
2005-03-31,922812,AXP,151610700,7788242000
2005-03-31,931336,DFODQ,375500,12880000
2005-03-31,932872,SJR/BEUR,22000000,448360000
2005-06-30,1017968,EDGW,8000000,113520000
2005-06-30,1020882,IRM,5000000,155100000
2005-06-30,104889,GHC,1727765,1442736000
2005-06-30,1052045,SVM1,5611600,75195000
2005-06-30,105598,WFC,56448380,3476090000
2005-06-30,105729,WSC1,5703087,2053111000
2005-06-30,1059556,DUT,48000000,2158080000
2005-06-30,1108329,PC6A,659000,48404000
2005-06-30,1179484,CDCO,1518978,22784000
2005-06-30,1393231,COST,5254000,235011000
2005-06-30,21344,KO,200000000,8350000000
2005-06-30,22301,CMCSA,10000000,299500000
2005-06-30,320187,NKE,2474600,214300000
2005-06-30,354950,HD,945000,36760000
2005-06-30,36270,MTB,6708760,705493000
2005-06-30,39899,TGNA,3447600,245228000
2005-06-30,39911,GAP,15434243,304826000
2005-06-30,41499,G1,100980000,5112617000
2005-06-30,4962,AXP,8625000,346208000
2005-06-30,60667,LOW,390000,22706000
2005-06-30,745448,LXKEUR,1000000,64830000
2005-06-30,750556,STI1,3204600,231500000
2005-06-30,757011,USG1,6500000,276250000
2005-06-30,80424,PG,630000,33232000
2005-06-30,833444,ADT2,5000000,146000000
2005-06-30,836102,TT2,10497900,440072000
2005-06-30,874691,OSI2,1818800,82283000
2005-06-30,88204,SEE,1113300,55431000
2005-06-30,89439,MLI,851800,23084000
2005-06-30,922812,AXP,151610700,8070237000
2005-06-30,931336,DFODQ,375500,13233000
2005-06-30,932872,SJR/BEUR,22000000,456940000
2005-09-30,1017968,EDGW,3290000,37078000
2005-09-30,1020882,IRM,5000000,183500000
2005-09-30,104889,GHC,1727765,1386531000
2005-09-30,1052045,SVM1,5611600,75981000
2005-09-30,105729,WSC1,5703087,1951026000
2005-09-30,1059556,DUT,48000000,2451840000
2005-09-30,1108329,PC6A,659000,54941000
2005-09-30,1179484,CDCO,1518978,26582000
2005-09-30,1393231,COST,5254000,226395000
2005-09-30,21344,KO,200000000,8638000000
2005-09-30,22301,CMCSA,11110200,319752000
2005-09-30,320187,NKE,2474600,202125000
2005-09-30,354950,HD,5000000,190700000
2005-09-30,36270,MTB,6708760,709183000
2005-09-30,39899,TGNA,3447600,237298000
2005-09-30,39911,GAP,15434243,269019000
2005-09-30,41499,G1,100980000,5877036000
2005-09-30,4962,AXP,8625000,345000000
2005-09-30,60667,LOW,390000,25116000
2005-09-30,745448,LXKEUR,1000000,61050000
2005-09-30,750556,STI1,3204600,222559000
2005-09-30,757011,USG1,6500000,446680000
2005-09-30,80424,PG,630000,37460000
2005-09-30,820027,A4S,30322137,1085532000
2005-09-30,833444,ADT2,10000000,278500000
2005-09-30,836102,TT2,10497900,488677000
2005-09-30,874691,OSI2,1818800,66568000
2005-09-30,88204,SEE,1113300,52837000
2005-09-30,89439,MLI,851800,23654000
2005-09-30,922812,AXP,151610700,7622986000
2005-09-30,932872,SJR/BEUR,7101500,148918000
2005-12-31,1017968,EDGW,3290000,28722000
2005-12-31,1020882,IRM,3948800,166718000
2005-12-31,104169,WMT,19944300,933393000
2005-12-31,104889,GHC,1727765,1321741000
2005-12-31,1052045,SVM1,5611600,67059000
2005-12-31,105598,WFC,85092200,5346342000
2005-12-31,105729,WSC1,5703087,2195688000
2005-12-31,1059556,DUT,48000000,2948160000
2005-12-31,1108329,PC6A,659000,54012000
2005-12-31,1179484,CDCO,1518978,27342000
2005-12-31,12659,HRB,18538100,455110000
2005-12-31,1393231,COST,5254000,259915000
2005-12-31,21344,KO,200000000,8062001000
2005-12-31,22301,CMCSA,11110200,285421000
2005-12-31,310569,BUD1,43854200,1883976000
2005-12-31,320187,NKE,2474600,214771000
2005-12-31,320335,GL,2823879,157008000
2005-12-31,354950,HD,5000000,202400000
2005-12-31,36270,MTB,6708760,731590000
2005-12-31,39899,TGNA,3447600,208821000
2005-12-31,39911,GAP,10000000,176400000
2005-12-31,4962,AXP,10000000,430100000
2005-12-31,60667,LOW,390000,25997000
2005-12-31,745448,LXKEUR,3000000,134490000
2005-12-31,750556,STI1,3204600,233167000
2005-12-31,757011,USG1,6500000,422500000
2005-12-31,80424,PG,100000000,5787999000
2005-12-31,820027,A4S,30322137,1243208000
2005-12-31,833444,ADT2,10000000,288600000
2005-12-31,836102,TT2,10497900,419391000
2005-12-31,874691,OSI2,1818800,75680000
2005-12-31,88204,SEE,955600,53676000
2005-12-31,89439,MLI,784500,21511000
2005-12-31,922812,AXP,151610700,7801887000
2006-03-31,1017968,EDGW,3290000,38197000
2006-03-31,1020882,IRM,3483300,141910000
2006-03-31,104169,WMT,19944300,942169000
2006-03-31,104889,GHC,1727765,1342042000
2006-03-31,1052045,SVM1,4384400,57523000
2006-03-31,105598,WFC,92580600,5913118000
2006-03-31,105729,WSC1,5703087,2275532000
2006-03-31,1059556,DUT,48000000,3430080000
2006-03-31,1108329,PC6A,659000,69162000
2006-03-31,1179484,CDCO,1523446,18875000
2006-03-31,12659,HRB,16061100,347723000
2006-03-31,1393231,COST,5254000,284557000
2006-03-31,21344,KO,200000000,8373998000
2006-03-31,22301,CMCSA,11110200,290198000
2006-03-31,310569,BUD1,43854200,1875644000
2006-03-31,320187,NKE,2474600,210588000
2006-03-31,320335,GL,2823879,161243000
2006-03-31,354950,HD,4181000,176856000
2006-03-31,36270,MTB,6708760,765737000
2006-03-31,39899,TGNA,3447600,206580000
2006-03-31,39911,GAP,10000000,186800000
2006-03-31,40545,GE,7777900,270515000
2006-03-31,4962,AXP,10000000,468200000
2006-03-31,60667,LOW,390000,25132000
2006-03-31,745448,LXKEUR,2521100,114408000
2006-03-31,750556,STI1,3204600,233167000
2006-03-31,757011,USG1,6500000,617240000
2006-03-31,78214,COP,17938100,1132791000
2006-03-31,80424,PG,100000000,5762999000
2006-03-31,809697,UPS,1429200,113450000
2006-03-31,820027,A4S,23922137,1077932000
2006-03-31,833444,ADT2,10000000,268800000
2006-03-31,836102,TT2,11062700,474147000
2006-03-31,874691,OSI2,1818800,80027000
2006-03-31,88204,SEE,737900,42702000
2006-03-31,922812,AXP,151610700,7967142000
2006-06-30,1017968,EDGW,3290000,22964000
2006-06-30,1020882,IRM,5024700,187823000
2006-06-30,104169,WMT,19944300,960717000
2006-06-30,104889,GHC,1727765,1347674000
2006-06-30,1052045,SVM1,3998000,41299000
2006-06-30,105598,WFC,95320800,6394119000
2006-06-30,105729,WSC1,5703087,2172876000
2006-06-30,1059556,DUT,48000000,2614080000
2006-06-30,1108329,PC6A,659000,71152000
2006-06-30,1121404,SNY,488500,23790000
2006-06-30,1179484,CDCO,1523446,21145000
2006-06-30,12659,HRB,11386500,271682000
2006-06-30,1393231,COST,5254000,306161000
2006-06-30,21344,KO,200000000,8604001000
2006-06-30,22301,CMCSA,11110200,364192000
2006-06-30,310569,BUD1,43528052,1984444000
2006-06-30,320187,NKE,2474600,200443000
2006-06-30,320335,GL,2823879,171466000
2006-06-30,354950,HD,4181000,149638000
2006-06-30,36270,MTB,6708760,791096000
2006-06-30,39899,TGNA,3447600,192824000
2006-06-30,40545,GE,7777900,256360000
2006-06-30,4962,AXP,10000000,450400000
2006-06-30,60667,LOW,390000,23661000
2006-06-30,750556,STI1,3204600,244383000
2006-06-30,757011,USG1,6500000,474045000
2006-06-30,78214,COP,17938100,1175484000
2006-06-30,80424,PG,100000000,5560000000
2006-06-30,809697,UPS,1429200,117666000
2006-06-30,820027,A4S,23922137,1068602000
2006-06-30,833444,ADT2,10000000,275000000
2006-06-30,836102,TT2,11062700,478683000
2006-06-30,874691,OSI2,1818800,62930000
2006-06-30,88204,SEE,677700,35295000
2006-06-30,922812,AXP,151610700,8068722000
2006-09-30,1017968,EDGW,3290000,24412000
2006-09-30,1020882,IRM,6031900,259010000
2006-09-30,104169,WMT,19944300,983653000
2006-09-30,104889,GHC,1727765,1273363000
2006-09-30,1052045,SVM1,3998000,44818000
2006-09-30,105598,WFC,190641600,6897413000
2006-09-30,105729,WSC1,5703087,2492249000
2006-09-30,1059556,DUT,48000000,3138240000
2006-09-30,1108329,PC6A,659000,70942000
2006-09-30,1121404,SNY,488500,21724000
2006-09-30,1179484,CDCO,1523446,21145000
2006-09-30,12659,HRB,10971000,238510000
2006-09-30,1365135,W3U,10000000,191300000
2006-09-30,1393231,COST,5254000,261019000
2006-09-30,200406,JNJ,24588800,1596797000
2006-09-30,21344,KO,200000000,8935999000
2006-09-30,22301,CMCSA,11110200,408966000
2006-09-30,27419,DYH,745700,41200000
2006-09-30,310569,BUD1,36417400,1730191000
2006-09-30,320187,NKE,4000000,350480000
2006-09-30,320335,GL,2823879,178214000
2006-09-30,354950,HD,4181000,151645000
2006-09-30,36270,MTB,6708760,804782000
2006-09-30,39899,TGNA,3447600,195927000
2006-09-30,40545,GE,7777900,274560000
2006-09-30,4962,AXP,10000000,228700000
2006-09-30,60667,LOW,7000000,196420000
2006-09-30,750556,STI1,3204600,247651000
2006-09-30,757011,USG1,16700992,785615000
2006-09-30,78214,COP,17938100,1067855000
2006-09-30,80424,PG,100000000,6197999000
2006-09-30,809697,UPS,1429200,102817000
2006-09-30,820027,A4S,19256537,903131000
2006-09-30,833444,ADT2,10000000,279900000
2006-09-30,836102,TT2,11062700,464301000
2006-09-30,874691,OSI2,1818800,57674000
2006-09-30,88204,SEE,677700,36677000
2006-09-30,922812,AXP,151610700,8502328000
2006-12-31,1017968,EDGW,1483400,8826000
2006-12-31,1020882,IRM,6031900,249359000
2006-12-31,104169,WMT,19944300,921027000
2006-12-31,104889,GHC,1727765,1288222000
2006-12-31,1052045,SVM1,3998000,52414000
2006-12-31,105598,WFC,204022100,7255026000
2006-12-31,105729,WSC1,5703087,2623420000
2006-12-31,1059556,DUT,48000000,3314880000
2006-12-31,1108329,PC6A,659000,92774000
2006-12-31,1121404,SNY,488500,22554000
2006-12-31,1179484,CDCO,1523446,14457000
2006-12-31,12659,HRB,4113400,94773000
2006-12-31,1365135,W3U,10000000,224200000
2006-12-31,1393231,COST,5254000,277779000
2006-12-31,1699150,IR,636600,24887000
2006-12-31,200406,JNJ,24588800,1623352000
2006-12-31,21344,KO,200000000,9649999000
2006-12-31,22301,CMCSA,8000000,335040000
2006-12-31,310569,BUD1,36417400,1791736000
2006-12-31,320187,NKE,4000000,396120000
2006-12-31,320335,GL,2823879,180051000
2006-12-31,354950,HD,4181000,167909000
2006-12-31,36104,USB,23307300,843491000
2006-12-31,36270,MTB,6708760,819542000
2006-12-31,39899,TGNA,3447600,208442000
2006-12-31,40545,GE,7777900,289416000
2006-12-31,4962,AXP,10000000,255200000
2006-12-31,60667,LOW,7000000,218050000
2006-12-31,731766,UNH,1021400,47615000
2006-12-31,750556,STI1,3204600,270628000
2006-12-31,757011,USG1,17072192,935556000
2006-12-31,78214,COP,17938100,1290646000
2006-12-31,80424,PG,100000000,6427001000
2006-12-31,809697,UPS,1429200,107161000
2006-12-31,820027,A4S,8270637,450749000
2006-12-31,833444,ADT2,10000000,304000000
2006-12-31,836102,TT2,11062700,507225000
2006-12-31,922812,AXP,151610700,9198221000
2007-03-31,100885,UNP,10513100,1067605000
2007-03-31,1017968,EDGW,1483400,10250000
2007-03-31,1020882,IRM,9047850,236420000
2007-03-31,104169,WMT,19944300,936385000
2007-03-31,104889,GHC,1727765,1319148000
2007-03-31,1052045,SVM1,3998000,61529000
2007-03-31,105598,WFC,232244700,7996185000
2007-03-31,105729,WSC1,5703087,2623420000
2007-03-31,1059556,DUT,48000000,2978880000
2007-03-31,1108329,PC6A,659000,77162000
2007-03-31,1121404,SNY,828500,36048000
2007-03-31,1156039,ELV,979700,79454000
2007-03-31,1179484,CDCO,1523446,15234000
2007-03-31,12659,HRB,1246800,26233000
2007-03-31,1365135,W3U,9868000,216603000
2007-03-31,1393231,COST,5254000,282875000
2007-03-31,1699150,IR,636600,27583000
2007-03-31,200406,JNJ,48665600,2932589000
2007-03-31,21344,KO,200000000,9600001000
2007-03-31,22301,CMCSA,12000000,305640000
2007-03-31,310569,BUD1,35563200,1794519000
2007-03-31,315066,FNF,34647376,2786689000
2007-03-31,320187,NKE,4000000,425040000
2007-03-31,320335,GL,2823879,185219000
2007-03-31,354950,HD,4181000,153610000
2007-03-31,36104,USB,23307300,815056000
2007-03-31,36270,MTB,6708760,777075000
2007-03-31,39899,TGNA,3447600,194065000
2007-03-31,40545,GE,7777900,275027000
2007-03-31,4962,AXP,10000000,269000000
2007-03-31,60667,LOW,7000000,220430000
2007-03-31,702165,NSC,6362800,321958000
2007-03-31,731766,UNH,1021400,54104000
2007-03-31,750556,STI1,3204600,266110000
2007-03-31,757011,USG1,17072192,796930000
2007-03-31,78214,COP,17938100,1226069000
2007-03-31,80424,PG,100000000,6316000000
2007-03-31,809697,UPS,1429200,100187000
2007-03-31,820027,A4S,4281462,244644000
2007-03-31,833444,ADT2,10000000,315500000
2007-03-31,836102,TT2,11062700,586544000
2007-03-31,922812,AXP,151610700,8550844000
2007-06-30,1020882,IRM,9047850,236420000
2007-06-30,104169,WMT,19944300,959520000
2007-06-30,104889,GHC,1727765,1340901000
2007-06-30,1052045,SVM1,3998000,61809000
2007-06-30,105598,WFC,257675468,9062446000
2007-06-30,105729,WSC1,5703087,2195688000
2007-06-30,1059556,DUT,48000000,2985600000
2007-06-30,1108329,PC6A,659000,97980000
2007-06-30,1121404,SNY,3530685,142181000
2007-06-30,1156039,ELV,4200000,335286000
2007-06-30,1179484,CDCO,1523446,16255000
2007-06-30,1365135,W3U,3200000,66656000
2007-06-30,1393231,COST,5254000,307464000
2007-06-30,1699150,IR,636600,34866000
2007-06-30,200406,JNJ,53145848,3274846000
2007-06-30,21344,KO,200000000,10462001000
2007-06-30,22301,CMCSA,12000000,335520000
2007-06-30,29924,DJ,2781800,159814000
2007-06-30,310569,BUD1,35563200,1854977000
2007-06-30,315066,FNF,39027430,3322796000
2007-06-30,320187,NKE,8000000,466320000
2007-06-30,320335,GL,2823879,189200000
2007-06-30,354950,HD,4181000,164522000
2007-06-30,36104,USB,37085326,1221962000
2007-06-30,36270,MTB,6708760,717166000
2007-06-30,39899,TGNA,3447600,189446000
2007-06-30,40545,GE,7777900,297738000
2007-06-30,4962,AXP,10000000,326700000
2007-06-30,60667,LOW,7000000,214830000
2007-06-30,70858,BAC,8700000,425343000
2007-06-30,731766,UNH,4800000,245472000
2007-06-30,750556,STI1,3204600,274762000
2007-06-30,757011,USG1,17072192,837220000
2007-06-30,78214,COP,17938100,1408141000
2007-06-30,80424,PG,105246800,6440052000
2007-06-30,809697,UPS,1429200,104332000
2007-06-30,820027,A4S,2517562,160042000
2007-06-30,833444,ADT2,6310200,213222000
2007-06-30,836102,TT2,11062700,652478000
2007-06-30,922812,AXP,151610700,9275543000
2007-09-30,100885,UNP,4453000,503456000
2007-09-30,1020882,IRM,9047850,275778000
2007-09-30,104169,WMT,19944300,870569000
2007-09-30,104889,GHC,1727765,1387050000
2007-09-30,105598,WFC,279669568,9961829000
2007-09-30,105729,WSC1,5703087,2269829000
2007-09-30,1059556,DUT,48000000,2419200000
2007-09-30,1084887,WHCI,2700000,126225000
2007-09-30,1121404,SNY,3530685,149772000
2007-09-30,1156039,ELV,4500000,355140000
2007-09-30,1170010,KMX,13981800,284250000
2007-09-30,1179484,CDCO,1537866,2292000
2007-09-30,1393231,COST,5254000,322438000
2007-09-30,200406,JNJ,61607348,4047602000
2007-09-30,21344,KO,200000000,11493803000
2007-09-30,22301,CMCSA,12000000,287519000
2007-09-30,29924,DJ,6344804,378785000
2007-09-30,310569,BUD1,35563200,1777804000
2007-09-30,315066,FNF,52981000,4300468000
2007-09-30,320187,NKE,7641000,448221000
2007-09-30,320335,GL,2823879,175984000
2007-09-30,354950,HD,4181000,135632000
2007-09-30,36104,USB,65490326,2130401000
2007-09-30,36270,MTB,6708760,694022000
2007-09-30,39899,TGNA,3447600,150660000
2007-09-30,40545,GE,7777900,322005000
2007-09-30,50485,IR,636600,34643000
2007-09-30,60667,LOW,7000000,196140000
2007-09-30,702165,NSC,1933000,100342000
2007-09-30,70858,BAC,9100000,457457000
2007-09-30,731766,UNH,6000000,290580000
2007-09-30,750556,STI1,3204600,242492000
2007-09-30,757011,USG1,17072192,641061000
2007-09-30,78214,COP,17508700,1536739000
2007-09-30,80424,PG,105847000,7445278000
2007-09-30,809697,UPS,1429200,107333000
2007-09-30,820027,A4S,1448662,91425000
2007-09-30,836102,TT2,10962400,390480000
2007-09-30,922812,AXP,151610700,9001129000
2007-12-31,100885,UNP,4453000,559386000
2007-12-31,1020882,IRM,4663900,172658000
2007-12-31,104169,WMT,19944300,947952000
2007-12-31,104889,GHC,1727765,1367399000
2007-12-31,105598,WFC,289259868,8732756000
2007-12-31,105729,WSC1,5703087,2281235000
2007-12-31,1059556,DUT,48000000,1713600000
2007-12-31,1103982,MDLZ,132393800,4320009000
2007-12-31,1121404,SNY,3569905,162537000
2007-12-31,1131399,GSK,1510500,76114000
2007-12-31,1156039,ELV,4500000,394785000
2007-12-31,1170010,KMX,21000000,414750000
2007-12-31,1179484,CDCO,1537866,14010000
2007-12-31,1390844,WBC1EUR,2700000,135243000
2007-12-31,1393231,COST,5254000,366519000
2007-12-31,200406,JNJ,61754448,4119021000
2007-12-31,21344,KO,200000000,12274000000
2007-12-31,22301,CMCSA,12000000,217440000
2007-12-31,310569,BUD1,35563200,1871438000
2007-12-31,315066,FNF,60828818,5062783000
2007-12-31,320187,NKE,7641000,490858000
2007-12-31,320335,GL,2823879,170929000
2007-12-31,354950,HD,4181000,112636000
2007-12-31,36104,USB,67581926,2145051000
2007-12-31,36270,MTB,6708760,547233000
2007-12-31,39899,TGNA,3447600,134456000
2007-12-31,40545,GE,7777900,288321000
2007-12-31,50485,IR,636600,29555000
2007-12-31,60667,LOW,7000000,158340000
2007-12-31,702165,NSC,1933000,97500000
2007-12-31,70858,BAC,9100000,375466000
2007-12-31,731766,UNH,6000000,349200000
2007-12-31,750556,STI1,3204600,200255000
2007-12-31,757011,USG1,17072192,611014000
2007-12-31,78214,COP,17508700,1546018000
2007-12-31,80424,PG,105847000,7771286000
2007-12-31,809697,UPS,1429200,101073000
2007-12-31,820027,A4S,661742,36469000
2007-12-31,836102,TT2,10962400,512054000
2007-12-31,922812,AXP,151610700,7886788000
2008-03-31,100885,UNP,4453000,558317000
2008-03-31,1020882,IRM,3372200,89161000
2008-03-31,104169,WMT,19944300,1050665000
2008-03-31,104889,GHC,1727765,1142917000
2008-03-31,105598,WFC,290654868,8458061000
2008-03-31,105729,WSC1,5703087,2304047000
2008-03-31,1059556,DUT,48000000,1671840000
2008-03-31,1103982,MDLZ,138272500,4287830000
2008-03-31,1121404,SNY,3586733,134646000
2008-03-31,1131399,GSK,1510500,64091000
2008-03-31,1156039,ELV,4800000,211824000
2008-03-31,1170010,KMX,21300000,413646000
2008-03-31,1179484,CDCO,1537866,14918000
2008-03-31,1390844,WBC1EUR,2700000,123174000
2008-03-31,1393231,COST,5254000,341352000
2008-03-31,200406,JNJ,61754448,4006011000
2008-03-31,21344,KO,200000000,12174000000
2008-03-31,22301,CMCSA,12000000,227640000
2008-03-31,310569,BUD1,35563200,1687474000
2008-03-31,315066,FNF,63785418,5882291000
2008-03-31,320187,NKE,7641000,519588000
2008-03-31,320335,GL,2823879,169743000
2008-03-31,354950,HD,4181000,116943000
2008-03-31,36104,USB,68631026,2220899000
2008-03-31,36270,MTB,6715060,540428000
2008-03-31,39899,TGNA,3447600,100153000
2008-03-31,40545,GE,7777900,287860000
2008-03-31,50485,IR,936600,41727000
2008-03-31,60667,LOW,7000000,160580000
2008-03-31,702165,NSC,1933000,105001000
2008-03-31,70858,BAC,9100000,344981000
2008-03-31,731766,UNH,6400000,219904000
2008-03-31,750556,STI1,3204600,176701000
2008-03-31,757011,USG1,17072192,628598000
2008-03-31,78214,COP,17508700,1334338000
2008-03-31,80424,PG,105847000,7416700000
2008-03-31,809697,UPS,1429200,104360000
2008-03-31,836102,TT2,10901900,500397000
2008-03-31,922812,AXP,151610700,6628418000
2008-06-30,100885,UNP,8906000,672403000
2008-06-30,1013871,NRA,3238100,138914000
2008-06-30,1020882,IRM,3372200,89532000
2008-06-30,104169,WMT,19944300,1120869000
2008-06-30,104889,GHC,1727765,1014025000
2008-06-30,105598,WFC,290654868,6903054000
2008-06-30,105729,WSC1,5703087,2181431000
2008-06-30,1059556,DUT,48000000,1653120000
2008-06-30,1103982,MDLZ,138272500,3933852000
2008-06-30,1121404,SNY,3903933,129727000
2008-06-30,1131399,GSK,1510500,66794000
2008-06-30,1156039,ELV,4800000,228768000
2008-06-30,1170010,KMX,21300000,302247000
2008-06-30,1179484,CDCO,1537866,14686000
2008-06-30,1390844,WBC1EUR,2700000,125442000
2008-06-30,1393231,COST,5254000,368516000
2008-06-30,200406,JNJ,61754448,3973281000
2008-06-30,21344,KO,200000000,10396000000
2008-06-30,22301,CMCSA,12000000,225120000
2008-06-30,310569,BUD1,13845000,860051000
2008-06-30,315066,FNF,63785418,6371525000
2008-06-30,320187,NKE,7641000,455480000
2008-06-30,320335,GL,2823879,165620000
2008-06-30,354950,HD,4181000,97919000
2008-06-30,36104,USB,68631026,1914120000
2008-06-30,36270,MTB,6715060,473680000
2008-06-30,39899,TGNA,3447600,74709000
2008-06-30,40545,GE,7777900,207592000
2008-06-30,50485,IR,5636600,210955000
2008-06-30,60667,LOW,7000000,145250000
2008-06-30,702165,NSC,1933000,121141000
2008-06-30,70858,BAC,9100000,217217000
2008-06-30,731766,UNH,6400000,168000000
2008-06-30,750556,STI1,3204600,116070000
2008-06-30,757011,USG1,17072192,504825000
2008-06-30,80424,PG,105847000,6436556000
2008-06-30,809697,UPS,1429200,87853000
2008-06-30,922812,AXP,151610700,5711172000
2008-09-30,100885,UNP,8906000,633751000
2008-09-30,1013871,NRA,5000000,123750000
2008-09-30,1020882,IRM,3372200,82315000
2008-09-30,104169,WMT,19944300,1194464000
2008-09-30,104889,GHC,1727765,961951000
2008-09-30,105598,WFC,290407668,10899000000
2008-09-30,105729,WSC1,5703087,2036002000
2008-09-30,1059556,DUT,48000000,1632000000
2008-09-30,1103982,MDLZ,138272500,4528424000
2008-09-30,1121404,SNY,3903933,128323000
2008-09-30,1131399,GSK,1510500,65646000
2008-09-30,1156039,ELV,4777300,223424000
2008-09-30,1170010,KMX,18444100,258217000
2008-09-30,1179484,CDCO,1538377,14630000
2008-09-30,1390844,WBC1EUR,2700000,95958000
2008-09-30,1393231,COST,5254000,341142000
2008-09-30,200406,JNJ,61754448,4278348000
2008-09-30,21344,KO,200000000,10576000000
2008-09-30,22301,CMCSA,12000000,236640000
2008-09-30,310569,BUD1,13845000,898264000
2008-09-30,31277,ETN,2908700,163411000
2008-09-30,315066,FNF,63785418,5895686000
2008-09-30,320187,NKE,7641000,511183000
2008-09-30,320335,GL,2823879,168869000
2008-09-30,354950,HD,3700000,95793000
2008-09-30,36104,USB,72937126,2627194000
2008-09-30,36270,MTB,6715060,599319000
2008-09-30,39899,TGNA,3447600,58299000
2008-09-30,40545,GE,7777900,198336000
2008-09-30,50485,IR,5636600,175674000
2008-09-30,60667,LOW,6500000,153985000
2008-09-30,702165,NSC,1933000,127984000
2008-09-30,70858,BAC,5000000,175000000
2008-09-30,731766,UNH,6379900,161986000
2008-09-30,750556,STI1,3204600,144175000
2008-09-30,757011,USG1,17072192,437048000
2008-09-30,78214,COP,83955800,6149762000
2008-09-30,80424,PG,105847000,7376477000
2008-09-30,809697,UPS,1429200,89882000
2008-09-30,922812,AXP,151610700,5371567000
2008-12-31,1004440,CEG1,19897322,499224000
2008-12-31,100885,UNP,8906000,425707000
2008-12-31,1013871,NRA,7200000,167976000
2008-12-31,1020882,IRM,3372200,83395000
2008-12-31,104169,WMT,19944300,1118078000
2008-12-31,104889,GHC,1727765,674259000
2008-12-31,105598,WFC,290244868,8554419000
2008-12-31,105729,WSC1,5703087,1641919000
2008-12-31,1059556,DUT,48000000,964320000
2008-12-31,1103982,MDLZ,138272500,3712617000
2008-12-31,1121404,SNY,3903933,125545000
2008-12-31,1131399,GSK,1510500,56296000
2008-12-31,1156039,ELV,4777300,201268000
2008-12-31,1170010,KMX,17636500,138976000
2008-12-31,1179484,CDCO,1538377,11999000
2008-12-31,1298341,NLC,8739100,100849000
2008-12-31,1390844,WBC1EUR,2700000,42633000
2008-12-31,1393231,COST,5254000,275835000
2008-12-31,200406,JNJ,28611591,1711831000
2008-12-31,21344,KO,200000000,9054000000
2008-12-31,22301,CMCSA,12000000,193800000
2008-12-31,31277,ETN,3200000,159072000
2008-12-31,315066,FNF,70089829,5306440000
2008-12-31,320187,NKE,7641000,389691000
2008-12-31,320335,GL,2823879,126227000
2008-12-31,354950,HD,3700000,85174000
2008-12-31,36104,USB,67551426,1689461000
2008-12-31,36270,MTB,6715060,385512000
2008-12-31,39899,TGNA,3447600,27581000
2008-12-31,40545,GE,7777900,126002000
2008-12-31,50485,IR,7782600,135028000
2008-12-31,60667,LOW,6500000,139880000
2008-12-31,702165,NSC,1933000,90948000
2008-12-31,70858,BAC,5000000,70400000
2008-12-31,731766,UNH,6300000,167580000
2008-12-31,750556,STI1,3204600,94663000
2008-12-31,757011,USG1,17072192,137260000
2008-12-31,78214,COP,79896273,4138627000
2008-12-31,80424,PG,96316010,5954255000
2008-12-31,809697,UPS,1429200,78835000
2008-12-31,922812,AXP,151610700,2812379000
2009-03-31,1004440,CEG1,14828207,306351000
2009-03-31,100885,UNP,9558000,392930000
2009-03-31,1013871,NRA,7200000,126720000
2009-03-31,1020882,IRM,3372200,74762000
2009-03-31,104169,WMT,19944300,1039098000
2009-03-31,104889,GHC,1727765,616985000
2009-03-31,105598,WFC,302609212,4309155000
2009-03-31,105729,WSC1,5703087,1574052000
2009-03-31,1059556,DUT,48000000,1100160000
2009-03-31,1103982,MDLZ,138272500,3082094000
2009-03-31,1121404,SNY,3903933,109037000
2009-03-31,1131399,GSK,1510500,46931000
2009-03-31,1156039,ELV,4777300,181394000
2009-03-31,1170010,KMX,12000000,149280000
2009-03-31,1179484,CDCO,1538377,10922000
2009-03-31,1298341,NLC,9000000,117630000
2009-03-31,1390844,WBC1EUR,2700000,33237000
2009-03-31,1393231,COST,5254000,243365000
2009-03-31,200406,JNJ,32508891,1709968000
2009-03-31,21344,KO,200000000,8789999000
2009-03-31,22301,CMCSA,12000000,154440000
2009-03-31,31277,ETN,3200000,117952000
2009-03-31,315066,FNF,76777029,4618138000
2009-03-31,320187,NKE,7641000,358286000
2009-03-31,320335,GL,2823879,74069000
2009-03-31,354950,HD,3700000,87172000
2009-03-31,36104,USB,69039426,1008665000
2009-03-31,36270,MTB,6715060,303789000
2009-03-31,39899,TGNA,3447600,7585000
2009-03-31,40545,GE,7777900,78365000
2009-03-31,50485,IR,7782600,107392000
2009-03-31,60667,LOW,6500000,118625000
2009-03-31,702165,NSC,1933000,65239000
2009-03-31,70858,BAC,5000000,34100000
2009-03-31,731766,UNH,4500000,94185000
2009-03-31,750556,STI1,3204600,37622000
2009-03-31,757011,USG1,17072192,129919000
2009-03-31,78214,COP,71228096,2789292000
2009-03-31,80424,PG,96316010,4535521000
2009-03-31,809697,UPS,1429200,70345000
2009-03-31,922812,AXP,151610700,2066454000
2009-06-30,100885,UNP,9558000,497589000
2009-06-30,1013871,NRA,7200000,186912000
2009-06-30,1020882,IRM,3372200,96951000
2009-06-30,104169,WMT,19944300,966102000
2009-06-30,104889,GHC,1727765,608484000
2009-06-30,105598,WFC,302609212,7341299000
2009-06-30,105729,WSC1,5703087,1659598000
2009-06-30,1059556,DUT,48000000,1264800000
2009-06-30,10795,BDX,1200000,85572000
2009-06-30,1103982,MDLZ,138272500,3503825000
2009-06-30,1121404,SNY,3903933,115126000
2009-06-30,1131399,GSK,1510500,53381000
2009-06-30,1156039,ELV,3500000,178115000
2009-06-30,1170010,KMX,9000000,132320000
2009-06-30,1179484,CDCO,1538377,11537000
2009-06-30,1298341,NLC,9000000,151560000
2009-06-30,1390844,WBC1EUR,2700000,47790000
2009-06-30,1393231,COST,5254000,240528000
2009-06-30,200406,JNJ,36914633,2096751000
2009-06-30,21344,KO,200000000,9597999000
2009-06-30,22301,CMCSA,12000000,169200000
2009-06-30,31277,ETN,2000000,89220000
2009-06-30,315066,FNF,76777029,5646183000
2009-06-30,320187,NKE,7641000,395651000
2009-06-30,320335,GL,2823879,104596000
2009-06-30,354950,HD,2757898,65169000
2009-06-30,36104,USB,69039426,1237186000
2009-06-30,36270,MTB,6715060,341998000
2009-06-30,39899,TGNA,3447600,12308000
2009-06-30,40545,GE,7777900,91157000
2009-06-30,50485,IR,7782600,162643000
2009-06-30,60667,LOW,6500000,126165000
2009-06-30,702165,NSC,1933000,72816000
2009-06-30,70858,BAC,5000000,66000000
2009-06-30,731766,UNH,3400000,84932000
2009-06-30,750556,STI1,3204600,52716000
2009-06-30,757011,USG1,17072192,171917000
2009-06-30,78214,COP,64485759,2712271000
2009-06-30,80424,PG,96316010,4921747000
2009-06-30,809697,UPS,1429200,71446000
2009-06-30,922812,AXP,151610700,3523433000
2009-09-30,100885,UNP,9558000,557709000
2009-09-30,1013871,NRA,6000000,169140000
2009-09-30,1020882,IRM,3372200,89902000
2009-09-30,104169,WMT,37836642,1857401000
2009-09-30,104889,GHC,1727765,808732000
2009-09-30,105598,WFC,313355657,8830362000
2009-09-30,105729,WSC1,5703087,1856355000
2009-09-30,1059556,DUT,39219312,802427000
2009-09-30,1060931,RSG,3625000,96316000
2009-09-30,10795,BDX,1200000,83700000
2009-09-30,1103982,MDLZ,138272500,3632418000
2009-09-30,1121404,SNY,3903933,144250000
2009-09-30,1131399,GSK,1510500,59680000
2009-09-30,1156039,ELV,3394213,160750000
2009-09-30,1170010,KMX,9000000,188100000
2009-09-30,1179484,CDCO,1538377,12676000
2009-09-30,1298341,NLC,9000000,184410000
2009-09-30,1393231,COST,5254000,296221000
2009-09-30,200406,JNJ,36914633,2247733000
2009-09-30,21344,KO,200000000,10740000000
2009-09-30,22301,CMCSA,12000000,192960000
2009-09-30,315066,FNF,76777029,6129110000
2009-09-30,320187,NKE,7641000,494373000
2009-09-30,320335,GL,2823879,122641000
2009-09-30,34088,XOM,1276290,87567000
2009-09-30,354950,HD,2757898,73470000
2009-09-30,36104,USB,69039426,1509202000
2009-09-30,36270,MTB,6715060,418482000
2009-09-30,39899,TGNA,3447600,43129000
2009-09-30,40545,GE,7777900,127713000
2009-09-30,50485,IR,7782600,238673000
2009-09-30,60667,LOW,6500000,136110000
2009-09-30,702165,NSC,1933000,83332000
2009-09-30,70858,BAC,5000000,84600000
2009-09-30,731766,UNH,3400000,85136000
2009-09-30,750556,STI1,3079778,69449000
2009-09-30,757011,USG1,17072192,293300000
2009-09-30,78214,COP,57430168,2593546000
2009-09-30,800921,NSRGY,3400000,144697000
2009-09-30,80424,PG,96316010,5578624000
2009-09-30,809697,UPS,1429200,80707000
2009-09-30,86312,TRV,27336,1346000
2009-09-30,922812,AXP,151610700,5139602000
2009-12-31,1013871,NRA,6000000,141660000
2009-12-31,1020882,IRM,7000000,159320000
2009-12-31,104169,WMT,39037142,2086536000
2009-12-31,104889,GHC,1727765,759526000
2009-12-31,105598,WFC,320088385,8639185000
2009-12-31,105729,WSC1,5703087,1956159000
2009-12-31,1059556,DUT,31814610,852632000
2009-12-31,1060931,RSG,8290500,234704000
2009-12-31,10795,BDX,1500000,118290000
2009-12-31,1103982,MDLZ,138272500,3758246000
2009-12-31,1121404,SNY,3903933,153306000
2009-12-31,1131399,GSK,1510500,63819000
2009-12-31,1156039,ELV,1343820,78331000
2009-12-31,1170010,KMX,8000000,194000000
2009-12-31,1179484,CDCO,1538377,15383000
2009-12-31,1298341,NLC,9000000,229590000
2009-12-31,1393231,COST,5254000,310879000
2009-12-31,200406,JNJ,27132467,1747602000
2009-12-31,21344,KO,200000000,11399999000
2009-12-31,22301,CMCSA,12000000,192120000
2009-12-31,315066,FNF,76777029,7571751000
2009-12-31,320187,NKE,7641000,504841000
2009-12-31,320335,GL,2823879,124110000
2009-12-31,34088,XOM,421800,28763000
2009-12-31,354950,HD,2757898,79786000
2009-12-31,36104,USB,69039426,1554077000
2009-12-31,36270,MTB,6715060,449171000
2009-12-31,39899,TGNA,2202200,32703000
2009-12-31,40545,GE,7777900,117680000
2009-12-31,50485,IR,5636600,201431000
2009-12-31,60667,LOW,6500000,152035000
2009-12-31,70858,BAC,5000000,75300000
2009-12-31,731766,UNH,1175000,35814000
2009-12-31,750556,STI1,2398206,48659000
2009-12-31,757011,USG1,17072192,239864000
2009-12-31,78214,COP,37711330,1925918000
2009-12-31,800921,NSRGY,3400000,164390000
2009-12-31,80424,PG,87503411,5305331000
2009-12-31,809697,UPS,1429200,81993000
2009-12-31,86312,TRV,27336,1363000
2009-12-31,922812,AXP,151610700,6143265000
2010-03-31,1013871,NRA,6000000,125400000
2010-03-31,1020882,IRM,7794800,213578000
2010-03-31,104169,WMT,39037142,2170465000
2010-03-31,104889,GHC,1727765,767439000
2010-03-31,105598,WFC,320088385,9961150000
2010-03-31,105729,WSC1,5703087,2198540000
2010-03-31,1059556,DUT,30783876,915820000
2010-03-31,1060931,RSG,10827700,314220000
2010-03-31,10795,BDX,1744128,137315000
2010-03-31,1103982,MDLZ,106734745,3227659000
2010-03-31,1121404,SNY,3903933,145851000
2010-03-31,1131399,GSK,1510500,58184000
2010-03-31,1170010,KMX,7725900,194075000
2010-03-31,1179484,CDCO,1538377,13230000
2010-03-31,1298341,NLC,9000000,218970000
2010-03-31,1393231,COST,4333363,258745000
2010-03-31,200406,JNJ,23891448,1557722000
2010-03-31,21344,KO,200000000,11000000000
2010-03-31,22301,CMCSA,12000000,215640000
2010-03-31,320187,NKE,7641000,561613000
2010-03-31,320335,GL,2823879,151086000
2010-03-31,34088,XOM,421800,28252000
2010-03-31,354950,HD,2757898,89218000
2010-03-31,36104,USB,69039426,1786740000
2010-03-31,36270,MTB,5563281,441613000
2010-03-31,39899,TGNA,1740231,28749000
2010-03-31,40545,GE,7777900,141558000
2010-03-31,50485,IR,5636600,196527000
2010-03-31,60667,LOW,6500000,157560000
2010-03-31,70858,BAC,5000000,89250000
2010-03-31,757011,USG1,17072192,292959000
2010-03-31,78214,COP,34179249,1748952000
2010-03-31,800921,NSRGY,3400000,174429000
2010-03-31,80424,PG,79096784,5004454000
2010-03-31,809697,UPS,1429200,92055000
2010-03-31,922812,AXP,151610700,6255457000
2010-06-30,1013871,NRA,6000000,127260000
2010-06-30,1020882,IRM,8000000,179680000
2010-06-30,104169,WMT,39037142,1876515000
2010-06-30,104889,GHC,1727765,709214000
2010-06-30,105598,WFC,320088385,8194263000
2010-06-30,105729,WSC1,5703087,1843238000
2010-06-30,1059556,DUT,30783876,613214000
2010-06-30,1060931,RSG,10827700,321908000
2010-06-30,10795,BDX,1889889,127794000
2010-06-30,1103982,MDLZ,105214584,2946008000
2010-06-30,1121404,SNY,4063675,122154000
2010-06-30,1131399,GSK,1510500,51372000
2010-06-30,1170010,KMX,7725900,153745000
2010-06-30,1179484,CDCO,1538377,13799000
2010-06-30,1298341,NLC,9150000,187209000
2010-06-30,1393231,COST,4333363,237598000
2010-06-30,200406,JNJ,41319563,2440334000
2010-06-30,21344,KO,200000000,10024000000
2010-06-30,22301,CMCSA,12000000,197160000
2010-06-30,320187,NKE,7641000,516150000
2010-06-30,320335,GL,2823879,139811000
2010-06-30,34088,XOM,421800,24072000
2010-06-30,354950,HD,2757898,77414000
2010-06-30,36104,USB,69039426,1543031000
2010-06-30,36270,MTB,5363821,455657000
2010-06-30,39899,TGNA,1740231,23424000
2010-06-30,40545,GE,7777900,112157000
2010-06-30,50485,IR,5636600,194386000
2010-06-30,60667,LOW,6500000,132730000
2010-06-30,70858,BAC,5000000,71850000
2010-06-30,757011,USG1,17072192,206232000
2010-06-30,78214,COP,29109637,1428992000
2010-06-30,798354,FI,4400000,200904000
2010-06-30,800921,NSRGY,3400000,164585000
2010-06-30,80424,PG,78071036,4682699000
2010-06-30,809697,UPS,1429200,81307000
2010-06-30,922812,AXP,151610700,6018944000
2010-09-30,104169,WMT,39037142,2089268000
2010-09-30,104889,GHC,1727765,690087000
2010-09-30,105598,WFC,336408845,8448907000
2010-09-30,105729,WSC1,5703087,2042561000
2010-09-30,1059556,DUT,28873756,721267000
2010-09-30,10795,BDX,1889889,140041000
2010-09-30,1103982,MDLZ,105214584,3246922000
2010-09-30,1121404,SNY,4063675,135117000
2010-09-30,1131399,GSK,1510500,59695000
2010-09-30,1179484,CDCO,1538377,13846000
2010-09-30,1298341,NLC,6142300,154847000
2010-09-30,1390777,BK,1992759,52070000
2010-09-30,1393231,COST,4333363,279459000
2010-09-30,200406,JNJ,42624563,2641018000
2010-09-30,21344,KO,200000000,11704001000
2010-09-30,22301,CMCSA,186897,3179000
2010-09-30,320187,NKE,3642929,291944000
2010-09-30,320335,GL,2823879,150062000
2010-09-30,34088,XOM,421800,26063000
2010-09-30,36104,USB,69039426,1492632000
2010-09-30,36270,MTB,5363821,438814000
2010-09-30,39899,TGNA,1740231,21283000
2010-09-30,40545,GE,7777900,126391000
2010-09-30,50485,IR,636600,22712000
2010-09-30,60667,LOW,6500000,144885000
2010-09-30,70858,BAC,5000000,65512000
2010-09-30,757011,USG1,17072192,225182000
2010-09-30,78214,COP,29109637,1671766000
2010-09-30,798354,FI,3910800,210479000
2010-09-30,800921,NSRGY,3400000,182189000
2010-09-30,80424,PG,76766036,4603660000
2010-09-30,809697,UPS,1429200,95313000
2010-09-30,922812,AXP,151610700,6372197000
2010-12-31,104169,WMT,39037142,2105273000
2010-12-31,104889,GHC,1727765,759354000
2010-12-31,105598,WFC,342623925,10617915000
2010-12-31,105729,WSC1,5703087,2101074000
2010-12-31,1059556,DUT,28415250,754141000
2010-12-31,1103982,MDLZ,105214584,3315311000
2010-12-31,1121404,SNY,4063675,130972000
2010-12-31,1131399,GSK,1510500,59242000
2010-12-31,1179484,CDCO,1538377,13846000
2010-12-31,1390777,BK,1793915,54176000
2010-12-31,1393231,COST,4333363,312912000
2010-12-31,200406,JNJ,42624563,2636330000
2010-12-31,21344,KO,200000000,13154000000
2010-12-31,320335,GL,2823879,168698000
2010-12-31,34088,XOM,421800,30842000
2010-12-31,36104,USB,69039426,1861994000
2010-12-31,36270,MTB,5363821,466920000
2010-12-31,39899,TGNA,1740231,26260000
2010-12-31,40545,GE,7777900,142258000
2010-12-31,50485,IR,636600,29949000
2010-12-31,757011,USG1,17072192,287325000
2010-12-31,78214,COP,29109637,1982366000
2010-12-31,80424,PG,76766036,4938358000
2010-12-31,809697,UPS,1429200,103731000
2010-12-31,922812,AXP,151610700,6507132000
2011-03-31,104169,WMT,39037142,2031883000
2011-03-31,104889,GHC,1727765,756001000
2011-03-31,105598,WFC,342623925,10864604000
2011-03-31,105729,WSC1,5703087,2219641000
2011-03-31,1059556,DUT,28415250,963561000
2011-03-31,1103982,MDLZ,105214584,3299529000
2011-03-31,1121404,SNY,4063675,143123000
2011-03-31,1131399,GSK,1510500,58018000
2011-03-31,1141391,MA,216000,54372000
2011-03-31,1179484,CDCO,1538377,14229000
2011-03-31,1390777,BK,1793915,53584000
2011-03-31,1393231,COST,4333363,317722000
2011-03-31,200406,JNJ,42624563,2525506000
2011-03-31,21344,KO,200000000,13268001000
2011-03-31,320335,GL,2823879,187732000
2011-03-31,34088,XOM,421800,35486000
2011-03-31,36104,USB,69039426,1824712000
2011-03-31,36270,MTB,5363821,474537000
2011-03-31,39899,TGNA,1740231,26504000
2011-03-31,40545,GE,7777900,155947000
2011-03-31,50485,IR,636600,30725000
2011-03-31,757011,USG1,17072192,284423000
2011-03-31,78214,COP,29101637,2324057000
2011-03-31,80424,PG,76766036,4728788000
2011-03-31,809697,UPS,1429200,106218000
2011-03-31,922812,AXP,151610700,6852803000
2011-06-30,104169,WMT,39037142,2074433000
2011-06-30,104889,GHC,1727765,723848000
2011-06-30,105598,WFC,352327608,9886312000
2011-06-30,1059556,DUT,28415250,1089725000
2011-06-30,1103982,MDLZ,99467624,3504245000
2011-06-30,1121404,SNY,4063675,163238000
2011-06-30,1131399,GSK,1510500,64800000
2011-06-30,1141391,MA,405000,122043000
2011-06-30,1179484,CDCO,1538377,9583000
2011-06-30,1390777,BK,1793915,45960000
2011-06-30,1393231,COST,4333363,352042000
2011-06-30,1442145,VRSK,2101125,72741000
2011-06-30,200406,JNJ,42624563,2835387000
2011-06-30,21344,KO,200000000,13457999000
2011-06-30,29534,DG,1497800,50760000
2011-06-30,320335,GL,2823879,181124000
2011-06-30,34088,XOM,421800,34326000
2011-06-30,36104,USB,69039426,1761196000
2011-06-30,36270,MTB,5363821,471749000
2011-06-30,39899,TGNA,1740231,24920000
2011-06-30,40545,GE,7777900,146691000
2011-06-30,50485,IR,636600,28881000
2011-06-30,757011,USG1,17072192,244815000
2011-06-30,78214,COP,29101637,2188152000
2011-06-30,80424,PG,76766036,4880018000
2011-06-30,809697,UPS,1429200,104232000
2011-06-30,922812,AXP,151610700,7838273000
2011-09-30,104169,WMT,39037142,2026027000
2011-09-30,104889,GHC,1727765,564928000
2011-09-30,105598,WFC,361369808,8716240000
2011-09-30,1059556,DUT,28415250,865245000
2011-09-30,1103982,MDLZ,89746708,3013695000
2011-09-30,1121404,SNY,4063675,133289000
2011-09-30,1131399,GSK,1510500,62369000
2011-09-30,1141391,MA,405000,128450000
2011-09-30,1179484,CDCO,1538377,9384000
2011-09-30,1390777,BK,1793915,33349000
2011-09-30,1393231,COST,4333363,355899000
2011-09-30,1403161,V,2291708,196445000
2011-09-30,1442145,VRSK,4202250,146112000
2011-09-30,1465112,DTV1,4249400,179622000
2011-09-30,200406,JNJ,37446788,2384985000
2011-09-30,21344,KO,200000000,13512000000
2011-09-30,29534,DG,4497247,169816000
2011-09-30,320335,GL,4235818,147660000
2011-09-30,34088,XOM,421800,30635000
2011-09-30,36104,USB,69039426,1625188000
2011-09-30,36270,MTB,5382040,376204000
2011-09-30,39899,TGNA,1740231,16584000
2011-09-30,40545,GE,7777900,118380000
2011-09-30,50485,IR,636600,17865000
2011-09-30,50863,INTC,9333000,199167000
2011-09-30,64803,CVS,5661000,190153000
2011-09-30,750556,GD,3064422,174335000
2011-09-30,757011,USG1,17072192,114896000
2011-09-30,78214,COP,29100937,1842671000
2011-09-30,80424,PG,76766036,4850077000
2011-09-30,809697,UPS,1429200,90254000
2011-09-30,851397,IBM,57348984,10028617000
2011-09-30,922812,AXP,151610700,6807319000
2011-12-31,104169,WMT,39037142,2332860000
2011-12-31,104889,GHC,1727765,651039000
2011-12-31,105598,WFC,383703628,10574872000
2011-12-31,1059556,DUT,28415250,957025000
2011-12-31,1103982,MDLZ,87034713,3251616000
2011-12-31,1121404,SNY,4063675,148487000
2011-12-31,1131399,GSK,1510500,68924000
2011-12-31,1141391,MA,405000,150992000
2011-12-31,1179484,CDCO,1538377,9075000
2011-12-31,1390777,BK,1793915,35717000
2011-12-31,1393231,COST,4333363,361056000
2011-12-31,1403161,V,2865008,290884000
2011-12-31,1442145,VRSK,3445029,138249000
2011-12-31,1465112,DTV1,20348400,870098000
2011-12-31,1507934,STRZA,1701400,132794000
2011-12-31,200406,JNJ,29018127,1903009000
2011-12-31,21344,KO,200000000,13994002000
2011-12-31,29534,DG,4497247,185017000
2011-12-31,320335,GL,4235818,183791000
2011-12-31,36104,USB,69039426,1867516000
2011-12-31,36270,MTB,5382040,410865000
2011-12-31,39899,TGNA,1740231,23267000
2011-12-31,40545,GE,7777900,139302000
2011-12-31,50485,IR,636600,19379000
2011-12-31,50863,INTC,11495000,278754000
2011-12-31,64803,CVS,7106500,289803000
2011-12-31,750556,GD,3877122,257480000
2011-12-31,757011,USG1,17072192,173453000
2011-12-31,78214,COP,29100937,2120585000
2011-12-31,80424,PG,76766036,5121062000
2011-12-31,809697,UPS,1429200,104603000
2011-12-31,851397,IBM,63905931,11751023000
2011-12-31,922812,AXP,151610700,7151476000
2011-12-31,927066,TRL,2684500,203512000
2012-03-31,104169,WMT,46708142,2858538000
2012-03-31,104889,GHC,1727765,645441000
2012-03-31,105598,WFC,394334928,13462596000
2012-03-31,1059556,DUT,28415250,1196282000
2012-03-31,1103982,MDLZ,78017165,2965432000
2012-03-31,1121404,SNY,4063675,157467000
2012-03-31,1131399,GSK,1510500,67837000
2012-03-31,1141391,MA,405000,170319000
2012-03-31,1339947,VIAB,1591670,75541000
2012-03-31,1390777,BK,5607466,135308000
2012-03-31,1393231,COST,4333363,393469000
2012-03-31,1403161,V,2865008,338071000
2012-03-31,1442145,VRSK,2230148,104750000
2012-03-31,1465112,DTV1,22999600,1134800000
2012-03-31,1466258,TT,636000,26299000
2012-03-31,1467858,GM,10000000,256500000
2012-03-31,1507934,STRZA,3000000,264450000
2012-03-31,200406,JNJ,29018127,1914036000
2012-03-31,21344,KO,200000000,14802000000
2012-03-31,29534,DG,3637164,168037000
2012-03-31,320335,GL,4235818,211156000
2012-03-31,36104,USB,69039326,2187165000
2012-03-31,36270,MTB,5382040,467591000
2012-03-31,39899,TGNA,1740231,26678000
2012-03-31,40545,GE,7777900,156102000
2012-03-31,50863,INTC,7745000,217751000
2012-03-31,64803,CVS,7106500,318371000
2012-03-31,750556,GD,3877122,284503000
2012-03-31,757011,USG1,17072192,293642000
2012-03-31,78214,COP,29100937,2211963000
2012-03-31,80424,PG,73254136,4923411000
2012-03-31,809697,UPS,1429200,115365000
2012-03-31,851397,IBM,64395700,13436163000
2012-03-31,922812,AXP,151610700,8772196000
2012-03-31,927066,TRL,6000000,541020000
2012-06-30,1021860,NOV,2841200,183087000
2012-06-30,104169,WMT,46708142,3256491000
2012-06-30,104889,GHC,1727765,645874000
2012-06-30,105598,WFC,411045245,13745352000
2012-06-30,1059556,DUT,28415250,1038577000
2012-06-30,1103982,MDLZ,58826390,2271875000
2012-06-30,1121404,SNY,4063675,153526000
2012-06-30,1131399,GSK,1510500,68833000
2012-06-30,1141391,MA,405000,174195000
2012-06-30,1339947,VIAB,6813200,320357000
2012-06-30,1390777,BK,18719515,410893000
2012-06-30,1393231,COST,4333363,411669000
2012-06-30,1403161,V,2079659,257108000
2012-06-30,1442145,VRSK,1871871,92208000
2012-06-30,1465112,DTV1,28420700,1387498000
2012-06-30,1466258,TT,20400,860000
2012-06-30,1467858,GM,10000000,197200000
2012-06-30,1507934,STRZA,5500000,483505000
2012-06-30,1534701,PSX,27163918,902928000
2012-06-30,200406,JNJ,10333128,698105000
2012-06-30,21344,KO,200000000,15637999000
2012-06-30,29534,DG,3320885,180623000
2012-06-30,320335,GL,4235818,214120000
2012-06-30,36104,USB,66000713,2122583000
2012-06-30,36270,MTB,5382040,444395000
2012-06-30,39899,TGNA,1740231,25634000
2012-06-30,40545,GE,5008625,104380000
2012-06-30,58361,LEE,3225822,5226000
2012-06-30,64803,CVS,5301916,247759000
2012-06-30,750556,GD,3877122,255735000
2012-06-30,757011,USG1,17072192,325225000
2012-06-30,78214,COP,28868637,1613180000
2012-06-30,80424,PG,59602203,3650635000
2012-06-30,809697,UPS,261900,20627000
2012-06-30,851397,IBM,66645396,13034507000
2012-06-30,922812,AXP,151610700,8825260000
2012-06-30,927066,TRL,9300000,913353000
2012-09-30,1021860,NOV,4186800,335405000
2012-09-30,104169,WMT,46708142,3447061000
2012-09-30,104889,GHC,1727765,627230000
2012-09-30,105598,WFC,422549545,14590638000
2012-09-30,1059556,DUT,28415250,1255102000
2012-09-30,1103982,MDLZ,30464350,1259700000
2012-09-30,1121404,SNY,4063675,174981000
2012-09-30,1131399,GSK,1510500,69846000
2012-09-30,1141391,MA,405000,182849000
2012-09-30,1339947,VIAB,7607200,407670000
2012-09-30,1390777,BK,19633915,444119000
2012-09-30,1390844,WBC1EUR,1599064,92235000
2012-09-30,1393231,COST,4333363,434030000
2012-09-30,1403161,V,1555459,208867000
2012-09-30,1442145,VRSK,1563434,74435000
2012-09-30,1465112,DTV1,29555600,1549896000
2012-09-30,1467858,GM,15000000,341250000
2012-09-30,1507934,STRZA,5500000,572440000
2012-09-30,1534701,PSX,27163918,1259591000
2012-09-30,200406,JNJ,492028,33905000
2012-09-30,21344,KO,400000000,15172000000
2012-09-30,216539,MEG1,4646220,24067000
2012-09-30,315189,DE,3978767,328129000
2012-09-30,320335,GL,4235818,217509000
2012-09-30,36104,USB,61264601,2101375000
2012-09-30,36270,MTB,5382040,512155000
2012-09-30,39899,TGNA,1740231,30889000
2012-09-30,40545,GE,588900,13374000
2012-09-30,58361,LEE,1130720,1673000
2012-09-30,750556,GD,3877122,256355000
2012-09-30,757011,USG1,17072192,374735000
2012-09-30,78214,COP,24123911,1379405000
2012-09-30,79958,PCP,1248901,203996000
2012-09-30,80424,PG,52793078,3661728000
2012-09-30,809697,UPS,59400,4251000
2012-09-30,851397,IBM,67517896,14006587000
2012-09-30,922812,AXP,151610700,8620585000
2012-09-30,927066,TRL,10197569,1056570000
2012-12-31,1014473,VRSN,3685700,143079000
2012-12-31,1021860,NOV,5294800,361899000
2012-12-31,104169,WMT,47501182,3241007000
2012-12-31,104889,GHC,1727765,630997000
2012-12-31,105598,WFC,439857861,15034342000
2012-12-31,1059556,DUT,28415250,1429855000
2012-12-31,1103982,MDLZ,12840450,326831000
2012-12-31,1121404,SNY,4063675,192537000
2012-12-31,1131399,GSK,1510500,65661000
2012-12-31,1141391,MA,405000,198968000
2012-12-31,1339947,VIAB,7607200,401204000
2012-12-31,1390777,BK,19633915,504592000
2012-12-31,1390844,WBC1EUR,4071925,265448000
2012-12-31,1393231,COST,4333363,427833000
2012-12-31,1403161,V,1555459,235776000
2012-12-31,1442145,VRSK,1563434,79688000
2012-12-31,1465112,DTV1,34037500,1707321000
2012-12-31,1467858,GM,25000000,720750000
2012-12-31,1507934,STRZA,5622340,652248000
2012-12-31,1534701,PSX,27163918,1442404000
2012-12-31,1545158,KRFT,1668714,75877000
2012-12-31,200406,JNJ,327100,22930000
2012-12-31,21344,KO,400000000,14500000000
2012-12-31,216539,MEG1,4646220,19979000
2012-12-31,315032,ADM,5956600,163151000
2012-12-31,315189,DE,3978767,343845000
2012-12-31,320335,GL,4235818,218865000
2012-12-31,36104,USB,61264601,1956791000
2012-12-31,36270,MTB,5382040,529969000
2012-12-31,39899,TGNA,1740231,31342000
2012-12-31,40545,GE,588900,12361000
2012-12-31,58361,LEE,88863,101000
2012-12-31,750556,GD,3877122,268568000
2012-12-31,757011,USG1,17072192,479216000
2012-12-31,78214,COP,24123911,1398945000
2012-12-31,79958,PCP,1977336,374547000
2012-12-31,80424,PG,52793078,3584123000
2012-12-31,809697,UPS,59400,4380000
2012-12-31,851397,IBM,68115484,13047521000
2012-12-31,922812,AXP,151610700,8714584000
2012-12-31,927066,TRL,13607935,1504085000
2013-03-31,1014473,VRSN,8174100,386389000
2013-03-31,1021860,NOV,7484300,529514000
2013-03-31,1027884,CBI,6508600,404185000
2013-03-31,104169,WMT,49247235,3685170000
2013-03-31,104889,GHC,1727765,772311000
2013-03-31,105598,WFC,458170323,16947720000
2013-03-31,1059556,DUT,28415250,1515101000
2013-03-31,1103982,MDLZ,7052750,215919000
2013-03-31,1121404,SNY,4063675,207573000
2013-03-31,1131399,GSK,1510500,70858000
2013-03-31,1141391,MA,405000,219158000
2013-03-31,1339947,VIAB,7607200,467691000
2013-03-31,1390777,BK,18939115,530106000
2013-03-31,1390844,WBC1EUR,4076325,287748000
2013-03-31,1393231,COST,4333363,459813000
2013-03-31,1403161,V,1555459,264179000
2013-03-31,1442145,VRSK,1563434,96339000
2013-03-31,1465112,DTV1,37275400,2109415000
2013-03-31,1467858,GM,25000000,695500000
2013-03-31,1507934,STRZA,5622340,124535000
2013-03-31,1534701,PSX,27163918,1900660000
2013-03-31,1545158,KRFT,1602061,82554000
2013-03-31,1560385,FWONA,5622340,627622000
2013-03-31,200406,JNJ,327100,26668000
2013-03-31,21344,KO,400000000,16176000000
2013-03-31,216539,MEG1,4646220,27599000
2013-03-31,315189,DE,3978767,342094000
2013-03-31,320335,GL,4235818,253302000
2013-03-31,36104,USB,61458101,2085274000
2013-03-31,36270,MTB,5382040,555211000
2013-03-31,39899,TGNA,1740231,38059000
2013-03-31,40545,GE,588900,13615000
2013-03-31,58361,LEE,88863,113000
2013-03-31,757011,USG1,17072192,451389000
2013-03-31,78214,COP,24123911,1449847000
2013-03-31,79958,PCP,1977336,374942000
2013-03-31,80424,PG,52793078,4068235000
2013-03-31,809697,UPS,59400,5102000
2013-03-31,851397,IBM,68121984,14530420000
2013-03-31,922812,AXP,151610700,10227658000
2013-03-31,927066,TRL,14973906,1775756000
